date,tavg,tmin,tmax,prcp,snow,wdir,wspd,wpgt,pres,tsun
44148,22.2,19.2,26.6,,,,9,,1013.1,
44149,22.2,19.3,26.6,,,,4,,1010.3,
44150,20.9,15.7,26,,,,11.1,,1013.5,
44151,20.5,14,26.3,,,,6.8,,1014.6,
44152,23.4,17.7,27.7,,,,8.2,,1013,
44153,22.3,18,27.7,,,,9.5,,1013,
44154,20,14.8,26.7,6.1,,,7.8,,1018.7,
44155,21,17.2,25.6,,,,12.2,,1017.9,
44156,22.7,18.6,27.5,,,,9.1,,1016.2,
44157,24,19.3,29.6,,,,9.6,,1017.2,
44158,25.4,20.1,32.5,,,,12.2,,1013.1,
44159,26.6,21.9,32.6,,,,14.7,,1009,
44160,22.9,19.8,31.8,51,,,6.3,,1009.2,
44161,21.9,17.5,27.7,,,,13.1,,1015.2,
44162,23.5,17.9,29.8,,,,9.3,,1015.7,
44163,23.4,19.4,30.2,11,,,12.8,,1011,
44164,24.7,17.9,33,,,,9.5,,1011,
44165,18.6,12.2,33.3,,,,10.6,,1019.7,
44166,22,16.6,28,,,,8.9,,1014.1,
44167,23,19.5,28.5,,,,6.6,,1008.1,
44168,22.9,17.2,29.1,24.6,,,6.3,,1008.4,
44169,19.7,14.8,29.1,0,,,18.3,,1020.2,
44170,17.2,11.5,22.1,,,,7.9,,1025.7,
44171,19.5,15.4,24.3,,,,8.8,,1022,
44172,21.8,17.9,26.1,,,,9.7,,1018.2,
44173,23.2,19.3,27.6,,,,9.2,,1016.1,
44174,26.2,19.7,32,,,,7.2,,1014,
44175,29.1,21.8,35,,,,13,,1007,
44176,25.6,16,35,4,,,13.2,,1006.4,
44177,23.7,15.2,30.4,,,,8.8,,1007,
44178,21.6,14.5,30.4,18,,,12.3,,1009.2,
44179,22.2,15.5,27.7,,,,16,,1009.4,
44180,21.1,18.3,27.8,,,,9.8,,1010.8,
44181,22,17.1,27.8,,,,9.9,,1015.3,
44182,25.3,20.2,31.5,,,,8,,1012.2,
44183,27,20.4,33,,,,7.9,,1005.7,
44184,24.2,20.1,33,3.4,,,14.7,,999.7,
44185,18.7,12.7,27.6,,,,13,,1011,
44186,20.4,11.8,27.1,,,,7,,1016.4,
44187,25.2,18.4,31.5,,,,8.3,,1015,
44188,27,22.2,31.7,,,,8.4,,1012.8,
44189,26.7,21.9,32.5,,,,11.3,,1011.8,
44190,25.9,22.9,32.5,,,,11.2,,1012.9,
44191,26,23.2,29.7,,,,10.3,,1013.3,
44192,25.5,21.7,30.4,,,,12.9,,1014.7,
44193,27.2,23.9,31.9,,,,14,,1012.7,
44194,27.7,22.6,32.5,0.3,,,7.8,,1007.4,
44195,24.6,19.1,32.4,5,,,12,,1005.4,
44196,22.4,14.4,29.3,,,,10.3,,1012.9,
44197,26.7,19.8,33.6,,,,8.6,,1014.2,
44198,27.8,22.7,33.7,,,,9.1,,1015,
44199,27.3,22.7,33.7,,,,12.8,,1013.3,
44200,25.9,22.6,32.3,,,,12.9,,1009.5,
44201,25.4,22.3,31,,,,8.1,,1007.6,
44202,22.8,20.2,31.2,15,,,9.4,,1007.1,
44203,25.8,19,33.9,,,,9.4,,1007.1,
44204,26.4,21.4,33.9,,,,12.1,,1010.5,
44205,24.1,20.4,31.8,0.8,,,9,,1011.8,
44206,27.1,22.8,32.9,,,,13.2,,1008.4,
44207,22.2,18.5,33.3,54,,,10.3,,1007,
44208,21.1,16.5,24.9,,,,12.9,,1017.8,
44209,22.6,18.7,26.8,,,,11.1,,1020.8,
44210,23.5,19.1,28.5,,,,18.6,,1018,
44211,22.4,20.6,28.6,,,,14.2,,1009.4,
44212,24.2,20.3,31.5,6,,,7.2,,1004.2,
44213,21.2,16,31.7,0.7,,,14.2,,1009.3,
44214,23.6,15,29.9,,,,5.9,,1014.2,
44215,27.2,21.5,32.5,0.2,,,8,,1016.8,
44216,27.7,23.9,33.1,0.2,,,11.4,,1018,
44217,26.6,22.2,33.1,0.1,,,14.2,,1018.8,
44218,26.8,22.8,32.2,,,,11.7,,1019.2,
44219,28.9,24.4,34,,,,10.7,,1014.9,
44220,29.5,26.1,34.7,,,,10.6,,1011.1,
44221,30.5,26.2,35.2,,,,9.9,,1006.2,
44222,30,25.7,35.5,,,,6.5,,1003,
44223,27.6,22.7,33.3,,,,9,,1005.3,
44224,24.7,21.5,32.7,2,,,7.6,,1006.1,
44225,24,19.1,29.2,14,,,6.1,,1005.2,
44226,21.1,16.5,29.4,28,,,9.5,,1009.7,
44227,18.3,15.5,24.1,34,,,11.6,,1015,
44228,20.4,18.6,23.6,25,,,6.2,,1011.7,
44229,21.7,18.4,26.5,0.5,,,7.2,,1013.2,
44230,22.6,19.2,26.4,,,,9.4,,1014.1,
44231,23.2,18,29,0.3,,,11.3,,1016.5,
44232,22.4,16.6,29.1,,,,7.7,,1015.2,
44233,25.1,17.3,32.5,,,,6,,1013.4,
44234,26.7,21,33.1,,,,7.3,,1013.2,
44235,22.7,19.5,32.2,,,,12.5,,1016.2,
44236,21.1,17.7,25.2,,,,14,,1019.4,
44237,19.7,18.8,25.5,25.6,,,17.8,,1018,
44238,21.7,20.5,23.4,13.5,,,13.7,,1013.9,
44239,21.8,19.4,24,2,,,13.1,,1012.3,
44240,23.4,20.2,27.9,2,,,7.1,,1009,
44241,23.7,20.3,28.6,4,,,5.3,,1006.1,
44242,22.8,18.5,28.6,2,,,10.4,,1009,
44243,21.2,16.9,28.8,0,,,11.7,,1009.3,
44244,22,18.2,26.6,,,,7.7,,1008.8,
44245,24.9,17,31.9,,,,3.9,,1008.4,
44246,24.7,21.6,31.9,,,,13.9,,1011.3,
44247,20.8,15.9,26.2,,,,10.6,,1016.1,
44248,24.5,18.3,30.3,,,,11.4,,1013.4,
44249,24.3,18.9,30.5,2,,,9.8,,1010.3,
44250,23.1,17.9,27.6,39,,,6.1,,1013.6,
44251,24.4,17.7,31.5,,,,4.3,,1014.5,
44252,25.6,18.4,32,,,,4.6,,1014.2,
44253,27.3,23.2,32.5,,,,8.4,,1014.5,
44254,26,22.4,31,,,,14.2,,1018.2,
44255,25.9,22.6,29.9,,,,18.6,,1016.5,
44256,26.1,22.9,29.8,,,,10.5,,1013.5,
44257,26.1,23.5,30,,,,7.8,,1013.5,
44258,26,23.4,29.9,,,,9.8,,1015.3,
44259,25.7,23.5,29,,,,7.1,,1012.6,
44260,22.7,19.5,29.2,,,,15,,1012.5,
44261,20.7,14.7,26,,,,5.4,,1013.4,
44262,23.4,16.7,28.9,,,,5.8,,1012.1,
44263,26,20.6,32.6,,,,5.1,,1013.4,
44264,21.1,15.1,33.5,,,,9.1,,1016.6,
44265,24.2,20.8,29,,,,8.4,,1012.4,
44266,25.7,22,31.2,0.1,,,7.1,,1011.3,
44267,24.4,20,31.2,0.1,,,8.2,,1014.1,
44268,23.7,18.4,29,0.1,,,7.5,,1016.2,
44269,24.9,19.9,29.8,,,,6.8,,1017.2,
44270,24.4,21.2,30.5,,,,7.6,,1015.2,
44271,22.6,21.5,27,4.7,,,9.1,,1008.3,
44272,19.3,15,23.7,1.5,,,14.3,,1012.2,
44273,16.2,10.5,20.8,,,,6,,1019.2,
44274,18.5,12.7,24,,,,9.4,,1016.4,
44275,19.6,17.2,24.2,17.5,,,6.7,,1013.3,
44276,19.3,16,24.5,,,,5.5,,1019.6,
44277,19.3,13.6,24.4,,,,4.7,,1020.8,
44278,20.7,15.7,25.7,,,,4.5,,1017.4,
44279,23.2,19.8,27.4,,,,7.6,,1015.8,
44280,21.3,20.2,27.4,64,,,8.5,,1011.8,
44281,21.2,18.8,23.7,5,,,4.4,,1010.1,
44282,20.6,18.6,24.2,3.7,,,4,,1011.2,
44283,20.4,16.8,24.7,,,,2.6,,1012.1,
44284,20.2,17,24.7,,,,6.9,,1016,
44285,19.2,13.1,24,,,,5.9,,1018.6,
44286,19.9,15.2,24,,,,7.1,,1018.7,
44287,21,19.2,24.2,,,,8.3,,1018.7,
44288,21.2,18.7,24.6,,,,7.5,,1019.8,
44289,22,19.2,25.7,,,,9.3,,1019.5,
44290,22.3,19.5,26.6,,,,6.8,,1017.4,
44291,24.1,21.2,28.5,,,,6.9,,1015,
44292,24.3,20.7,29,,,,6,,1016.4,
44293,25.5,22,29.4,,,,10.5,,1015.5,
44294,24.4,21.4,29.4,,,,9.1,,1011.8,
44295,21.5,20.5,26.2,32.9,,,3.5,,1012.8,
44296,21.3,20.6,23.4,7,,,7.7,,1009.5,
44297,19.4,15,21.7,18,2,,10.8,,1010.9,
44298,18.4,12.2,25.8,,,,3.7,,1019.6,
44299,19,12,25.8,,,,3.3,,1021.4,
44300,18.9,14,25.8,,,,6.1,,1017.5,
44301,20.6,16.2,26.1,,,,2.3,,1013.8,
44302,20.7,16.4,26.3,,,,3.6,,1014.6,
44303,20.7,16.2,26.3,,,,4.1,,1017.2,
44304,20.2,17.6,25.7,,,,8.3,,1018.8,
44305,21.4,17.8,24.8,,,,12.7,,1019.9,
44306,21.6,18.3,25.1,,,,12.1,,1019.9,
44307,21.8,19,25.5,,,,18.6,,1017.4,
44308,21.7,19,25.4,,,,13.4,,1014.9,
44309,22,17.3,27,,,,11,,1013.6,
44310,18.2,15.3,27.3,,2,,7.1,,1014.9,
44311,16.2,10.8,22.8,,,,6.5,,1019.3,
44312,16,11.2,21.2,,,,2.5,,1020.2,
44313,16.3,11.7,22.2,,,,4.2,,1019.8,
44314,17.9,11.7,24.2,,,,4.7,,1021.2,
44315,18.8,12.2,24.5,,,,5.6,,1022.5,
44316,19.2,14.6,24.4,,,,8.6,,1019.6,
44317,20,16.5,25.7,,,,6.3,,1016.3,
44318,21,15.6,26.7,,,,6.7,,1013.6,
44319,21.5,18.8,26.7,13,,,7.5,,1009.7,
44320,14.9,10.2,23,5.4,2,,12,,1021.8,
44321,12.2,7.7,17,,,,9.2,,1026.6,
44322,11.6,6,18.7,,,,5.1,,1025.6,
44323,11.4,5,19.1,,,,3.8,,1026.2,
44324,14.8,8.8,18.2,,,,9.2,,1026.5,
44325,15.4,12.6,18.5,,,,4.7,,1022.5,
44326,14.3,12,18.7,,,,6.7,,1022.3,
44327,11.7,5,18.8,,,,4.5,,1023.9,
44328,12.7,5.5,20,,,,4.9,,1021.5,
44329,13.8,8.7,20.6,,,,5.8,,1021.3,
44330,13.4,8.7,21,,,,4.1,,1021.4,
44331,12.5,5.7,20.9,,,,2.3,,1020.3,
44332,12.9,8.2,20.2,,,,2.4,,1019.7,
44333,12.4,7.2,19.5,,,,3.2,,1021.5,
44334,11.1,6,18.8,,,,4,,1020.8,
44335,12.9,8.9,17.2,,,,8.4,,1017.7,
44336,15.2,12.5,17.2,1.1,,,8.6,,1015.2,
44337,14.6,13.5,17.4,5.4,,,15.6,,1011,
44338,13.8,12.8,14.8,70.1,7,,11,,997.4,
44339,12.9,11.1,15,1.6,,,20,,1009.5,
44340,12.9,7.6,18.7,,,,9.7,,1014,
44341,13.3,8.5,19.7,,,,5.7,,1016.2,
44342,13.3,6.6,21,,,,6.8,,1016,
44343,16.8,11.1,23,,,,8.4,,1009.9,
44344,16.9,13.3,23,,,,8.5,,1003,
44345,12.3,6.9,21.6,,,,8.3,,1014.2,
44346,10.4,5.1,16.5,,,,4,,1019.7,
44347,15.2,10.5,20.8,,,,8,,1014.9,
44348,16.3,12.6,21,0.2,,,11.3,,1009.4,
44349,14.7,11.6,18.3,,,,8.6,,1014,
44350,13.5,7.1,19.8,,,,8,,1014.8,
44351,17.3,15.5,19.9,,,,5,,1009.9,
44352,14.7,12,19.9,0.2,,,8.1,,1014.4,
44353,10.7,3.9,16.6,,,,5.9,,1022.2,
44354,12.9,10.6,15.8,,,,7.8,,1021.7,
44355,15.5,13.4,18.5,,,,8,,1019.9,
44356,16.5,13.8,18.5,0.8,,,5.1,,1018.1,
44357,15.7,12,20.6,,,,7.8,,1018.9,
44358,11.4,4.5,20.6,,,,6.3,,1020.6,
44359,16.1,10.6,23.4,,,,7,,1015.8,
44360,17.3,11.6,23.9,,,,11.7,,1016.3,
44361,14.9,11.8,23,,,,8.9,,1019.9,
44362,9.4,4.5,17.5,,,,7.8,,1028.5,
44363,7.3,4.5,13.1,,,,7,,1030.5,
44364,7.2,3.6,11.4,,,,6.3,,1030.2,
44365,6.3,1.9,11.7,,,,4.4,,1029,
44366,7.1,2.5,13.2,,,,3.9,,1027.4,
44367,7.9,3.1,13.5,,,,3.4,,1024,
44368,10.1,3.1,13.6,,,,5.3,,1023,
44369,13.3,11.7,15.2,,,,7.2,,1022.8,
44370,14,12.7,16,,,,9,,1015.5,
44371,13.8,11.7,17.5,9,,,8.2,,1009.8,
44372,11.9,7.2,18.2,,,,5.1,,1014.7,
44373,11.3,7.2,18.2,,,,12,,1015.1,
44374,6.9,5.2,14.7,1,,,11.9,,1019.2,
44375,7.6,5.7,9.2,,,,12.4,,1021.7,
44376,8,5.7,9.7,0,,,10.1,,1026.1,
44377,7.5,3.8,10.7,,,,8.4,,1026.7,
44378,9.2,6.5,12.5,,,,9.3,,1022.3,
44379,10,6.7,15,,,,7.7,,1020.8,
44380,10.9,3.6,19.9,,,,5.7,,1023.7,
44381,10.9,4.1,19.9,,,,4.6,,1023.3,
44382,10.7,4.7,17.6,,,,3.9,,1024.3,
44383,11.2,5.4,17.5,,,,8.8,,1020.1,
44384,15.2,12.3,18,,,,5.9,,1017.1,
44385,15.5,10.2,21,,,,6.8,,1017.2,
44386,18.9,14.8,23.4,9,,,9.1,,1014.2,
44387,16.8,9.8,23.4,,,,8.9,,1016.5,
44388,10.6,4,17.2,,,,4.5,,1018.5,
44389,15.3,12.8,18.2,15.1,,,4.8,,1013.2,
44390,13.9,10.2,18.2,0,,,7.4,,1017.2,
44391,11.1,9.3,15.5,0,,,10.3,,1018.7,
44392,11.9,9.4,16.7,4.1,,,4.6,,1018.8,
44393,10.4,4.8,16.7,0,,,6.3,,1016.4,
44394,10.2,6.3,16.1,,,,11.3,,1018.1,
44395,8.7,5,14,,,,18.9,,1023.4,
44396,7.7,2.4,14,,,,4.6,,1025.9,
44397,11,5.7,18.3,,,,9.5,,1021.2,
44398,12.5,6.7,18.3,,,,8.2,,1021.7,
44399,14.1,8.7,18.3,,,,8.3,,1021.8,
44400,16.9,12.5,24.4,,,,6.5,,1016.2,
44401,15,12.7,24.5,,,,10.1,,1013.6,
44402,15.3,12.8,17.2,32,,,12.6,,1008.4,
44403,12.1,7.6,17.3,0,,,5.8,,1016.8,
44404,8.2,4,16.5,,,,17.8,,1021,
44405,7.9,3.8,11.8,,,,15.2,,1025.4,
44406,8.1,2.1,14.4,,,,5.6,,1027.5,
44407,11.1,6.4,17.1,,,,12.8,,1025.5,
44408,11.2,5.3,18.1,,,,5.6,,1027.8,
44409,10.1,4.2,18.3,,,,3,,1031.7,
44410,10.3,5.6,17.9,,,,4.3,,1030.2,
44411,12,8.2,17.6,,,,5.1,,1028.7,
44412,11.3,6,18.4,,,,5.6,,1029.7,
44413,11.5,9,17.3,,,,8,,1026.5,
44414,16,10.2,21.5,,,,9.6,,1020.4,
44415,19.1,15.3,24.8,,,,8.1,,1014.1,
44416,13.6,8.3,24.8,,,,14.1,,1017.7,
44417,8.4,6.5,13.2,45,,,14.2,,1024.2,
44418,6.9,2.8,11,,,,9,,1026.5,
44419,8.5,2.8,16.5,,,,7.8,,1028.2,
44420,8.6,3.2,16.5,,,,6.8,,1030.4,
44421,9.8,5,13.7,,,,5.3,,1028.5,
44422,11.5,6.8,18,,,,4.1,,1023.2,
44423,10.8,6.4,18.7,,,,4.3,,1019.9,
44424,13.5,9.2,17.7,,,,6.6,,1014.4,
44425,15.7,10.8,21.6,,,,5.7,,1013.3,
44426,14.9,10.8,21.7,,,,6.4,,1009.1,
44427,14.8,12.1,18.7,,,,11,,1005.4,
44428,15,10.9,20.4,,,,10.4,,1015.6,
44429,13.1,7.6,20.6,,,,8.3,,1014.7,
44430,16.3,11,21.7,,,,8.2,,1007.7,
44431,12,6.2,21.7,,,,4.9,,1014.4,
44432,11,5.7,17.4,,,,5.1,,1015.8,
44433,11.7,6.6,17.6,,,,5.4,,1015.3,
44434,14.4,7.5,21.3,,,,9.1,,1015.2,
44435,13.3,7,21.4,,,,4.9,,1020.3,
44436,14.9,11.2,19.9,,,,8.2,,1022.5,
44437,14.9,8.4,21.8,,,,5.9,,1023.8,
44438,18.2,14,24.4,,,,10.7,,1018.5,
44439,22.2,18.5,28.1,,,,11,,1015,
44440,19.3,15.6,28.5,,,,14.2,,1015,
44441,14.9,12.7,19.5,29,,,9.5,,1018.1,
44442,14.8,13,17.6,,,,10.7,,1019.7,
44443,14.2,11.9,17.8,0,,,9.6,,1016.2,
44444,14.2,11.8,17.7,,,,11,,1018.2,
44445,14.7,12.6,17.9,0,,,18.3,,1018.5,
44446,15.3,14,17.8,7.9,,,16.4,,1013.2,
44447,15.4,14.6,16.1,8.8,,,7.8,,1006,
44448,13.9,13,16.1,45,,,17.1,,1005.3,
44449,13.3,11.6,15.1,28.5,,,7.4,,1017.2,
44450,15.4,13,18.4,,,,12.4,,1016.4,
44451,18.8,14.6,26.4,,,,20.8,,1008.6,
44452,16.6,14,26.4,,,,13.4,,1009.8,
44453,14.5,9.8,19.8,,,,13.4,,1016.4,
44454,14.2,6.1,21.7,,,,5.1,,1021.6,
44455,17.9,11.4,24.5,,,,9.4,,1024.3,
44456,18.7,15.1,24.6,,,,13.5,,1019.5,
44457,18.1,12.5,23.4,,,,6.4,,1015.5,
44458,16.9,14,23.4,,,,11.8,,1013.3,
44459,16.6,13,19.2,,,,22.2,,1016.7,
44460,12.4,6.5,20,,,,12,,1027.9,
44461,13.2,10,16.8,,,,9.9,,1025,
44462,16.1,13.8,19.2,3,,,9,,1022.3,
44463,15.2,10.6,20,,,,12,,1023.8,
44464,16.4,12.6,20.2,,,,8.5,,1019.6,
44465,20,15.2,25.5,,,,7.7,,1016,
44466,15.8,12.8,25.4,,,,12.4,,1019.2,
44467,14,10.6,16.6,0.2,,,15.2,,1021.1,
44468,17.4,14.7,21,,,,9.5,,1018.6,
44469,16.9,15.2,21,14,,,12.8,,1010.2,
44470,17.5,11.5,24.2,9,,,6.1,,1014,
44471,15.6,11,24.4,3,,,9.1,,1011.3,
44472,13.5,7.5,19.1,0.2,,,15.4,,1015.3,
44473,15.1,6.5,21.7,,,,4.2,,1017.6,
44474,18.2,13.2,23.5,,,,11.5,,1015.8,
44475,15.7,11.6,23.5,,,,20.7,,1020,
44476,12.2,6.5,18.4,,,,6.4,,1022.8,
44477,14,10.4,17.5,,,,10.7,,1019.9,
44478,16,10.9,20.6,,,,10.3,,1020.2,
44479,17,13.8,20.6,,,,11.8,,1018.8,
44480,17.8,16.2,21.6,1.2,,,7.7,,1016.3,
44481,17.9,14.6,21.8,0.2,,,6.8,,1012.7,
44482,18.3,15.9,21.8,0.2,,,5.1,,1008.5,
44483,17.3,12,25.5,,,,7.6,,1006.8,
44484,15,10.3,25.5,,,,14.8,,1020.7,
44485,15.6,9.8,20.4,,,,10.8,,1023.6,
44486,18,12.6,22.6,,,,8.2,,1020.5,
44487,17.5,12.6,23.5,,,,7.8,,1021.6,
44488,17.4,12.6,23.7,,,,7.2,,1022,
44489,19.8,14.4,25.4,,,,10.3,,1018.9,
44490,22.1,17.2,27.6,,,,10.1,,1014.8,
44491,21.2,15.2,27.6,,,,15.4,,1011.7,
44492,17.6,14.5,26.2,17,,,8.2,,1008.6,
44493,18.7,9.4,26.4,2,,,7.6,,1012.3,
44494,23.6,17.8,31.5,,,,14.5,,1009.7,
44495,26.8,18.6,36.1,,,,5.5,,1012.5,
44496,27.8,21.1,36.3,,,,6.9,,1017.8,
44497,27.6,20.4,34.1,,,,8.5,,1020.3,
44498,26.2,21.4,34.4,,,,10.1,,1017.4,
44499,25.4,21.1,30.5,,,,13.6,,1014.5,
44500,20,14.5,31,,,,10.5,,1018.7,
44501,17.4,14.2,20.6,,,,15.2,,1018.1,
44502,19.4,16.1,23.9,6.3,,,6.9,,1014.8,
44503,21.9,19.5,25.5,4.1,,,8,,1009.8,
44504,23,20.1,27.2,,,,9.3,,1009.7,
44505,18.9,13,27.5,,,,16.4,,1018.8,
44506,16.5,12.5,22.2,,,,17.7,,1023.1,
44507,19.2,16.1,23,,,,8.4,,1018.3,
44508,22,15.4,28.7,,,,7,,1015.9,
44509,19.7,15.4,28.8,7,,,11.1,,1018.5,
44510,20,17.2,23.9,,,,13.3,,1020.2,
44511,21,17.7,25,,,,14,,1022.2,
44512,20.4,16.2,25.5,,,,23.6,,1020.6,
44513,22.4,16.8,28.7,,,,14.6,,1011.4,
44514,22.2,18.5,29,26,,,7.1,,1011,
44515,23.8,16.3,29.6,,,,10,,1010.2,
44516,19.7,14.7,29.6,,,,14.7,,1016,
44517,15.9,9,21.5,,,,8.6,,1018.4,
44518,19.7,10.8,26.3,,,,8.2,,1013.4,
44519,23.6,17.4,29.7,,,,6.1,,1013.8,
44520,23.7,17.6,29.8,,,,6.3,,1013.6,
44521,29.1,22.6,35,,,,10.8,,1009.1,
44522,28.6,20.8,36.5,,,,13,,1006.7,
44523,20.6,14,36.4,,,,11.9,,1017.3,
44524,25.8,19.2,33.2,,,,11.7,,1010.7,
44525,22.9,18.7,33.5,6.2,,,8.4,,1005.1,
44526,22.8,17,29.2,0.1,,,10.1,,1010,
44527,23.1,19.4,30,,,,11.2,,1010.2,
44528,20.8,17.7,27.8,57,,,7.4,,1006.1,
44529,21.1,17.5,25.4,30,,,13.1,,1004,
44530,21.1,15.5,26.5,,,,7,,1010.3,
44531,19.7,16.5,26.5,,,,9.5,,1014.9,
44532,21.3,17.4,25.7,,,,10.3,,1016.2,
44533,22,18.7,26.4,,,,10.2,,1015.8,
44534,22,19.8,26,,,,8.5,,1018.8,
44535,21.7,19.4,26.1,0.5,,,12.2,,1019.9,
44536,22.4,17.6,27.7,,,,9.7,,1021.1,
44537,24.1,20.6,28.7,,,,11.9,,1019.7,
44538,23.7,19.3,28.7,,,,12,,1018.2,
44539,23.2,20.3,28.7,,,,14.8,,1017.2,
44540,22.8,20.5,26.1,,,,9.2,,1013.2,
44541,24.5,19.3,30,,,,8.3,,1006.4,
44542,25.4,22.8,30,4,,,7.5,,1004.4,
44543,24.4,20.5,30.2,,,,9,,1011.9,
44544,23.9,20,28.7,,,,13.3,,1014.4,
44545,23,19.1,28.2,8,,,7.8,,1014.3,
44546,21.4,16.7,28.2,,,,14.3,,1016.3,
44547,23,19.3,27.3,,,,9.9,,1018.3,
44548,24.2,20.4,28.2,,,,10.2,,1016.7,
44549,25.6,21.2,30,,,,9.5,,1012.7,
44550,25.9,20.9,31.2,,,,12.7,,1011.5,
44551,25.2,23,31.2,,,,9.9,,1009.1,
44552,25.9,21.5,30.1,,,,8,,1013.3,
44553,25.8,22.6,30.1,,,,7.8,,1015.8,
44554,28.2,23.1,33.8,,,,14,,1010.3,
44555,26.4,21.4,33.8,4.1,,,9.1,,1009.7,
44556,26.8,19.3,32.8,,,,5.4,,1012,
44557,26.2,21.8,33.2,,,,6.6,,1010.1,
44558,29.1,23.9,35.1,,,,7.5,,1010.6,
44559,32.1,26.5,37.2,,,,14.8,,1009.9,
44560,30.9,26.4,37.2,,,,9.2,,1008.3,
44561,28.1,22,36,,,,8.7,,1006.5,
44562,24.9,21.1,33.5,8,,,7,,1003.9,
44563,26.6,19.7,32.7,,,,5.5,,1004.9,
44564,29.7,24.3,35.7,,,,9.4,,1006.7,
44565,28.8,22.4,35.8,,,,14.6,,1005.8,
44566,21.9,16,32,,,,19.2,,1015.4,
44567,23.4,19.1,29.3,,,,11.6,,1016.4,
44568,24.8,21,29.3,,,,11.4,,1016,
44569,25.3,22.4,29.7,,,,13.4,,1015.4,
44570,26,21.8,31.5,,,,12.8,,1014.5,
44571,29,23.9,34.2,,,,8.8,,1011.6,
44572,32.9,26.2,40.9,,,,5.9,,1008.7,
44573,27.8,21.8,41.1,,,,10.2,,1013.6,
44574,29.4,24,36.5,,,,10.7,,1012.4,
44575,32.7,26.2,41.2,,,,10.4,,1009.2,
44576,33.5,29.8,41.5,,,,10.2,,1006.3,
44577,27.3,22.2,38.8,42,,,7,,1003.2,
44578,24.8,21,33,2.1,,,9.9,,1007.7,
44579,23.3,21.5,28,9.9,,,11.4,,1014.6,
44580,23.9,21.3,27.7,15,,,9.3,,1015.7,
44581,26.1,22.8,29.7,0.4,,,9.4,,1013.6,
44582,27,24.4,30.4,0,,,10.1,,1008.5,
44583,24.9,21.8,30.5,3,,,9.9,,1007.6,
44584,23.6,20.7,28.6,16,,,4,,1010.3,
44585,26,20.9,30.5,,,,3.7,,1010.9,
44586,27.4,24.1,31.3,0.7,,,5.2,,1009.1,
44587,25.6,18.2,31.4,4,,,12.7,,1010.3,
44588,19.4,13.9,28.3,0.5,,,13.1,,1020.2,
44589,20.6,14.7,25.2,,,,6.1,,1016.9,
44590,24.4,20,28.6,,,,9.9,,1013.1,
44591,26.1,22.2,29.5,,,,10.9,,1008.9,
44592,24.2,17.9,29.5,,,,11,,1010.8,
44593,23.5,18.8,28.3,,,,11.3,,1011.8,
44594,27.1,20.6,32.7,,,,8.6,,1010.3,
44595,24.2,20.4,33,5,,,6,,1009.6,
44596,23.9,20.1,28.6,,,,5.1,,1007.8,
44597,21.2,17.5,28.6,3.8,,,8.5,,1008.6,
44598,18.5,13.5,23.5,0.5,,,11.5,,1015,
44599,20.4,15.2,25,,,,9.1,,1017.9,
44600,21.1,15.1,25.5,,,,5.8,,1017.3,
44601,23.4,19.5,28.5,,,,8.9,,1014.1,
44602,25.1,20.7,30.5,,,,9.1,,1009.9,
44603,23.6,16.8,30.8,,,,9.9,,1012.9,
44604,18,13.9,29,13,,,13.5,,1018.5,
44605,19.7,11,28.2,,,,5.4,,1014.1,
44606,24.7,16.5,32,,,,5.8,,1010.9,
44607,27.1,21.7,32.5,,,,9.7,,1012.1,
44608,29.1,23.5,36.1,,,,8.9,,1011.9,
44609,22.3,17.8,36.5,,,,13.3,,1016.3,
44610,21.6,15.3,27.2,,,,8.9,,1013.4,
44611,24.8,21.2,29.9,,,,8,,1008.9,
44612,21.8,19.3,30.2,8.7,,,10.6,,1007.4,
44613,22.6,18,27.5,0.8,,,7.8,,1014,
44614,22.6,18,27.9,,,,5.7,,1017.7,
44615,22.6,18.4,27.8,,,,9.4,,1015.4,
44616,22.4,20.6,26.6,12,,,10.6,,1010.9,
44617,23.4,16.2,29.2,,,,5.1,,1014.7,
44618,24.6,20.4,29.5,0.2,,,8.1,,1012,
44619,23.4,22,26.8,60.2,,,8.3,,1007,
44620,23.8,19.7,29.5,,,,7,,1010.4,
44621,21.6,14.6,29.7,,,,10.4,,1013.2,
44622,24.9,19.3,31.2,,,,8.2,,1010,
44623,23.9,20,31.5,,,,11.4,,1012.7,
44624,24.5,21.7,28.1,,,,5.5,,1010.4,
44625,24.3,21.5,28.3,,,,5.1,,1009.3,
44626,24.2,19.4,28.2,,,,7.8,,1008.7,
44627,22.9,15.6,28.2,40,,,13.5,,1006.2,
44628,22.2,16.1,27.5,,,,6.6,,1013.6,
44629,20.8,17.9,27.5,18,,,7.2,,1014,
44630,20.2,16.8,24.7,,,,7.7,,1014.3,
44631,19.4,13.6,24.8,,,,5.7,,1017.7,
44632,18.8,12.2,25.1,,,,4.6,,1018.8,
44633,20,14.2,25.5,,,,3.6,,1018.7,
44634,21.8,15.7,28.3,,,,6.3,,1014.8,
44635,24.6,19.5,31,,,,6.6,,1014.5,
44636,25,20.5,31.1,,,,9.4,,1013,
44637,26.1,22,31,,,,6,,1008.5,
44638,18.5,14.6,31.5,4.1,,,14.4,,1017.4,
44639,15.4,9.1,21.5,,,,5.6,,1024.5,
44640,16,10.2,21.7,0,,,8.4,,1025.7,
44641,19.3,16,22.1,34.5,,,13.1,,1020,
44642,21.1,18.3,25,,,,8.1,,1012.9,
44643,22.8,20.2,26.1,,,,7.1,,1006.4,
44644,17.6,11.1,26.2,,,,15.7,,1000.9,
44645,15.3,9.8,21.4,,,,10.8,,1002.9,
44646,19.3,16.7,24.6,,,,9.9,,1007.6,
44647,20.8,14.2,29,,,,4,,1012.3,
44648,21.3,14.9,29,,,,7.7,,1013.8,
44649,22.7,16.2,30.4,36.3,,,11.9,,1007.4,
44650,14.4,8.7,30.4,,,,15.1,,1017.3,
44651,13.7,7.7,20.2,,,,4.4,,1024.2,
44652,14.5,8.2,21.2,,,,3.6,,1026.2,
44653,18,13.1,22.1,,,,11.6,,1020.8,
44654,19.8,17,24.3,,,,9.8,,1014,
44655,16.3,7.6,24.5,,,,5.3,,1017.4,
44656,17.3,9.6,23.7,,,,6,,1016.8,
44657,20.5,14,26.6,,,,6.1,,1014.6,
44658,21.3,16.7,26.7,,,,3.6,,1014.7,
44659,21.1,18.2,25.2,,,,6,,1015.7,
44660,20.9,15.9,25.5,,,,5.4,,1015.1,
44661,22.5,19.2,26.6,,,,9.7,,1011.2,
44662,20.6,16.9,26.6,16.5,,,6.9,,1007.3,
44663,17.2,11.7,25.2,0,,,7.9,,1011.9,
44664,15.8,9.1,23.2,,,,5.4,,1017.8,
44665,15.7,10.4,22,,,,6.6,,1022.6,
44666,15.3,9.8,22.2,,,,6.6,,1022.5,
44667,18.6,14.5,23,,,,7.1,,1022.7,
44668,19.2,17,23.1,,,,6.4,,1022.5,
44669,19.9,17.9,23.8,0.6,,,8,,1019.5,
44670,20.4,15.2,24.9,,,,3.4,,1016.6,
44671,20.6,14.7,26.5,,,,6,,1014.9,
44672,18.1,13,26.5,0.8,,,4.7,,1012.3,
44673,15.6,12.6,22.6,7.9,,,8.6,,1006.7,
44674,15.2,7.6,21.6,,,,13.4,,1007,
44675,19.2,14,24.7,,,,12.8,,1007.5,
44676,21.5,19.5,25.7,30,,,8.7,,1005.6,
44677,21.1,18.8,25.7,0,,,10.8,,1004.3,
44678,19.5,13.8,25.3,16,,,8.7,,1005.7,
44679,14.6,11.2,21.9,0,,,8.8,,1019.3,
44680,10.8,4.6,18.8,,,,4.7,,1027.1,
44681,11.6,7.3,16.1,,,,4.4,,1021,
44682,13.8,7.9,19.9,,,,6.1,,1017.5,
44683,12.8,8.3,20,,,,6.9,,1022.6,
44684,11.5,6.2,17.4,,,,4,,1023.2,
44685,13.7,8,20.7,,,,5.4,,1020.7,
44686,15.7,9.8,22,,,,6.7,,1020.2,
44687,18,12.9,24.8,,,,4.1,,1021.5,
44688,19.1,14.7,24.8,,,,8.3,,1021.7,
44689,19.3,15,24.2,,,,8.6,,1018.6,
44690,16.2,11,23.9,,,,3.3,,1019.4,
44691,16.8,13.5,22.5,,,,6.2,,1018,
44692,14.4,10.5,21,,,,9.2,,1020.9,
44693,13.4,7.8,17.6,,,,7.1,,1020.3,
44694,15.9,12.5,19.4,,,,6.7,,1018.1,
44695,15.8,12.5,20.9,,,,6.6,,1019,
44696,12.7,7.8,20.9,,,,8.2,,1021.2,
44697,12.7,10,16.7,0,,,14.1,,1021.2,
44698,11.7,9,16,0.5,,,16.6,,1022.2,
44699,11.7,8.7,16.5,,,,8.2,,1025,
44700,10.8,5.5,16.6,,,,4.3,,1021.6,
44701,13.5,8.8,19.1,,,,7.4,,1017.8,
44702,15.7,12,22.6,,,,4.7,,1019.6,
44703,14.6,9.2,23.1,,,,6.5,,1019.1,
44704,15.9,11,21,,,,3.9,,1016.1,
44705,17,13.7,21,,,,7,,1014.3,
44706,12.3,8.6,21.3,20,,,16.4,,1019.6,
44707,10.4,6,15.3,,,,7.5,,1024.6,
44708,12.3,8.1,16.8,,,,5.6,,1018.8,
44709,11.2,8.4,16.8,0,,,4,,1015,
44710,10.1,6.2,14.5,0,,,7.6,,1015.1,
44711,7.1,3.1,12.7,0,,,6.7,,1019.8,
44712,6.4,1.2,13.2,0,,,2.9,,1022.4,
44713,8.1,3.8,14.5,0,,,2.3,,1022.5,
44714,7.5,1.7,14.9,0,,,2.8,,1025,
44715,7.6,3.6,14.6,0,,,6.9,,1026.4,
44716,11.9,9.9,15.9,0,,,8.9,,1020.1,
44717,11.4,7.8,16,0,,,1.1,,1016.5,
44718,11.3,7.7,17.2,0,,,2.4,,1016.8,
44719,10.6,8.5,17.3,0,,,5.7,,1015.9,
44720,10.6,8,15.2,0,,,3,,1017.3,
44721,11,7.5,16.3,0,,,6.4,,1019.5,
44722,8.2,3,16.3,0,,,10.5,,1026.4,
44723,8.1,2.8,15.8,0,,,7.6,,1024.3,
44724,9.8,3.8,19.3,0,,,2,,1023.7,
44725,11.8,4.2,19.3,0,,,7.2,,1022.2,
44726,13.4,9.9,18.5,0,,,8.4,,1017.2,
44727,13.3,9.1,19.1,0,,,4,,1015.9,
44728,12.7,8.7,19.3,0,,,3,,1013.2,
44729,9.2,5,18.4,0,,,8.1,,1012.8,
44730,9.3,2.3,17.3,0,,,7.4,,1017.9,
44731,11.6,7.6,18.7,0,,,10.3,,1017.4,
44732,9.8,5.7,18.7,0,,,5.8,,1017,
44733,11.4,7.4,16.2,0,,,14.7,,1016.3,
44734,7.6,4.4,16.2,,,,12.8,,1021,
44735,8.1,5.1,10.5,0,,,6.5,,1021.7,
44736,10,6.7,12.2,0,,,6.6,,1025.1,
44737,7.6,2.6,12.2,0,,,5.4,,1031.6,
44738,8.7,4.8,12.2,0,,,6.1,,1025.7,
44739,10.4,9.3,12.5,,,,4.5,,1018,
44740,11.3,8.2,15.3,0,,,4.2,,1017.4,
44741,13.1,7.6,20.1,0,,,10,,1014.3,
44742,13.1,8.8,20.2,0,,,5.2,,1017.9,
44743,11,9,18.2,9.7,,,16.3,,1010.9,
44744,10,5.1,14.2,0,,,5.5,,1014.8,
44745,8.5,3.2,15.5,0,,,4.2,,1022,
44746,11.4,4.1,15.6,0,,,5.3,,1016.8,
44747,11.7,10.4,14.3,0,,,6.7,,1018.1,
44748,11.6,9.4,14.5,0.4,,,7.3,,1009.9,
44749,10.7,6.2,14.9,1.3,,,9.7,,1016.8,
44750,8.7,2.6,15.1,0,,,7.9,,1021.1,
44751,14.9,11.6,19,1,,,10.3,,1009.2,
44752,18.2,14.3,20.9,3.1,,,11.8,,1004.4,
44753,11.7,9.3,20.9,0.3,,,12.3,,1011.9,
44754,8.4,3.2,12.9,0,,,8,,1019.7,
44755,11.1,7.2,15.6,0,,,13.8,,1017.1,
44756,12.7,8.3,15.9,,,,8.3,,1010.5,
44757,10.7,9.2,13.9,0,,,8.1,,1009.1,
44758,10.2,8.9,12.2,0,,,14,,1011.7,
44759,8.7,3,14.3,0,,,8.4,,1018.9,
44760,11.1,6.9,18.1,0,,,7.3,,1022.5,
44761,9.6,3.6,18.1,0,,,7.6,,1025.1,
44762,13.2,8.6,17.3,0,,,10.9,,1014.7,
44763,13.3,10.5,19.4,0,,,9.5,,1013.3,
44764,12.4,7,19.6,0,,,5.2,,1015,
44765,14.3,10.5,19.2,0,,,4.9,,1013.5,
44766,15.1,13.5,16.6,0,,,11.7,,1015.7,
44767,14.7,13,16.8,6.8,,,8.5,,1017.5,
44768,18.4,15.1,22.7,15.1,,,6.6,,1015.7,
44769,18.3,15.8,22.7,7.7,,,10.3,,1011.9,
44770,13.7,10.5,19.6,7.1,,,21.6,,1013.5,
44771,12,6.2,19,0,,,4.6,,1018,
44772,14.1,8.5,20.4,0,,,7.3,,1017.5,
44773,14.6,10.3,20.5,0,,,4.7,,1018.2,
44774,12.8,8.4,18.7,0,,,4.5,,1018,
44775,13.6,10.3,18.6,0,,,10,,1017.2,
44776,12.7,10.2,16.2,0,,,7.8,,1015.6,
44777,10.7,6.6,15.8,0,,,10.2,,1015.9,
44778,10.3,4.8,17.7,0,,,3.8,,1019.2,
44779,10.9,6.6,17.8,0,,,6.8,,1021.1,
44780,11.7,7.9,17,0,,,11.5,,1023.8,
44781,10.2,5.7,15.1,,,,8.6,,1027.5,
44782,11.8,9.6,14.9,0,,,7.9,,1031.2,
44783,11.6,9,14.9,0,,,8.5,,1027.5,
44784,13.7,9.7,18.4,0,,,10.9,,1022.1,
44785,15.1,10.6,19.2,0,,,8.3,,1017.1,
44786,17.2,11,22.4,0,,,5,,1017,
44787,18.8,14.8,22.8,0.7,,,12.3,,1009.7,
44788,16.4,9.4,23.4,0.5,,,12.4,,1005.4,
44789,13.9,8.7,20.6,0,,,8.5,,1008.4,
44790,12.8,9.6,20.7,0.1,,,9.6,,1009.3,
44791,9.1,3.5,14.5,0,,,10.1,,1021.9,
44792,11,4.6,18.7,0,,,8.9,,1028.5,
44793,13.1,8.2,19,0,,,9.5,,1027.8,
44794,12.9,6.3,19.7,0,,,3.3,,1028.1,
44795,11.6,8.5,19.7,0,,,7.4,,1026,
44796,14.8,10.6,19.8,0,,,8.1,,1020.2,
44797,18.2,11,25.5,0,,,5.8,,1017.8,
44798,19.7,15.3,26.4,0,,,4.5,,1016.5,
44799,18.5,14.2,26.7,,,,7.6,,1013.3,
44800,17.9,8.9,24.3,13,,,11.7,,1014,
44801,9.3,4,19.2,0,,,8.3,,1032.9,
44802,10.7,5.2,15,0,,,7.6,,1033.2,
44803,13.7,10.1,17.2,0.3,,,11.5,,1026.3,
44804,16.6,13.6,20.4,0,,,6.5,,1017.1,
44805,16.4,14.9,20.7,1.1,,,4.8,,1012.8,
44806,12.6,7.6,17.8,0,,,17.3,,1022.8,
44807,12.5,5.2,19.7,0,,,5.5,,1027.4,
44808,15.7,9.9,21.9,0,,,10.9,,1025.5,
44809,16.5,10.1,23.4,0,,,5,,1024.8,
44810,15.9,11.3,23.5,0,,,9.8,,1019.8,
44811,19.1,14.5,24.1,0,,,10.5,,1009.6,
44812,19.2,10.6,24.1,21.4,,,11.2,,1006.1,
44813,10.7,7.5,24.2,11.9,,,14.9,,1017.4,
44814,11.9,4.7,19.6,0,,,4.4,,1023.3,
44815,12.8,6.9,19.7,0,,,8.4,,1021.6,
44816,14.4,8.5,18.7,0,,,5,,1018.5,
44817,14.4,8.8,20,0,,,5.1,,1019.9,
44818,15.6,9.7,20.3,0,,,6.9,,1024.8,
44819,16.8,12.3,21.3,0,,,8.4,,1024.3,
44820,18.3,14.6,23,0,,,13.5,,1021.8,
44821,19.7,15.6,24.6,0,,,19.1,,1017.3,
44822,19,16,24.6,0,,,8.4,,1013.5,
44823,18.3,14.8,22.9,0.2,,,8.1,,1014,
44824,13.2,8.4,23.5,4.5,,,8,,1017.9,
44825,14.5,11.9,18.2,4.6,,,9.8,,1017.8,
44826,14,9,19.2,5.4,,,5.1,,1018.3,
44827,13.7,6.3,20,0,,,4.5,,1019.8,
44828,17.6,12.8,22.3,0,,,8.3,,1019.3,
44829,17.3,13.5,22.4,0,,,8.8,,1017.5,
44830,18.1,13.7,24.1,0,,,3.5,,1013.6,
44831,18.8,12.7,27.8,0,,,8.1,,1020.3,
44832,14.4,9.8,27.8,0,,,16.7,,1029.4,
44833,14.7,11.5,18.5,0,,,17.4,,1027.6,
44834,16.4,12.5,20.6,0,,,8.1,,1022.9,
44835,17.8,11.5,23.6,0,,,4.9,,1021.5,
44836,19.7,12.6,28,0,,,7.1,,1022.7,
44837,15.3,11.4,27.9,0,,,11,,1022.1,
44838,15.6,11.7,20.2,0,,,12.4,,1017,
44839,18.2,14.4,22.6,0,,,10.1,,1014.5,
44840,17.8,14.4,23.5,0.5,,,6.9,,1009.6,
44841,20.8,10.9,29,0,,,6.7,,1006.9,
44842,17.4,9,29,0.2,,,15.5,,1008.1,
44843,13.5,6,21.5,0.7,,,7.8,,1020.5,
44844,15.1,8.8,21.8,0,,,6.3,,1023.3,
44845,16.5,12.2,21.3,0,,,10.1,,1019.8,
44846,20.8,12.7,29.4,0,,,11.3,,1012.1,
44847,19.4,12,29.5,,,,22.2,,1019.1,
44848,14.1,11.4,16.9,0,,,11.3,,1030.4,
44849,14,12.4,17.2,4,,,8,,1028.2,
44850,15.5,11.2,20,4,,,15.1,,1024,
44851,16.8,13.4,20.2,0.1,,,14.4,,1026,
44852,18.4,15.3,22,0.8,,,12.4,,1023.8,
44853,19.6,16.3,23,0,,,9.9,,1017.2,
44854,20.6,18.2,24.3,2,,,4.8,,1010.3,
44855,19,15.6,24.2,,,,7,,1011.3,
44856,13.4,10.6,24.6,6.6,1,,10.4,,1020.7,
44857,14.9,9.6,19.6,0.1,,,12.5,,1022,
44858,19.8,15.7,24.8,0,,,9.9,,1018.1,
44859,21.8,17.7,27.2,0,,,13.2,,1012.3,
44860,20.7,17.6,27.5,4.1,,,10,,1004.2,
44861,21.3,15.3,28,0,,,13.7,,1007.8,
44862,25.8,18.6,34.7,0,,,10.5,,1005.4,
44863,25.1,19,34.8,3,,,9.5,,1001.5,
44864,17.1,11.3,31,3,,,9.4,,1008.2,
44865,12.9,7.9,17.7,0,,,12,,1027.5,
44866,15.1,7,21.7,0,,,4.6,,1030.7,
44867,20.1,13,26.2,0,,,6.9,,1029,
44868,20,12.4,26.4,0,,,6.7,,1027.5,
44869,19.3,15.6,26.7,0,,,10.2,,1025.2,
44870,19.9,16.2,24.2,0,,,13.3,,1023.4,
44871,20.8,16.9,25.1,0,,,10.9,,1024,
44872,21.2,17.5,25.7,0,,,13.7,,1023.8,
44873,20.8,16,25.7,0,,,11.9,,1021,
44874,21.7,17.3,26,0,,,10.9,,1016.1,
44875,22.7,18.3,27.6,0,,,8.4,,1013.9,
44876,23.8,18.9,29.8,0,,,6.5,,1012.4,
44877,24,20.4,29.8,0,,,7.6,,1009.8,
44878,23.1,18.7,28,0,,,6.9,,1005.4,
44879,18.9,16,26.5,90.5,,,13.5,,1003.8,
44880,23.9,15.7,32.5,0,,,8,,1010.8,
44881,26.7,18.1,33.5,0,,,4.8,,1015.2,
44882,26.6,22.9,34,0,,,11.9,,1017.2,
44883,25.8,22.4,31,0,,,9.1,,1013.9,
44884,27.4,23.9,31.5,1.6,,,9,,1008.8,
44885,25.1,19.4,31.5,0.3,,,8.1,,1008.9,
44886,17.6,15.5,29.6,7.9,,,11,,1014,
44887,18.8,14.2,24.4,0,,,7.3,,1014.4,
44888,22.8,13.7,30.2,0,,,10,,1011,
44889,27.6,20.2,34.2,0,,,10.6,,1011.8,
44890,22.6,16.2,34.5,0,,,13.5,,1019.1,
44891,25.3,20.5,32.4,0,,,8.6,,1018.3,
44892,26.1,22.2,32.7,0,,,9.1,,1018,
44893,26.8,21.4,31.6,0,,,11.9,,1012.9,
44894,27.8,23.7,33,0,,,9.4,,1007.3,
44895,26.7,21.7,33,5.6,,,10.2,,1005.9,
44896,21.1,17.9,30.5,15,,,12.6,,1009.8,
44897,21,15.8,26.7,0,,,9.4,,1013.6,
44898,22.6,18.6,27,0,,,8,,1011.9,
44899,25.5,17.6,32.2,0,,,2.9,,1009.9,
44900,28.4,22.5,34.1,0,,,7.8,,1011.2,
44901,29.1,23.6,34.7,0,,,8.4,,1011.4,
44902,29.7,25.7,35,0,,,8,,1009.2,
44903,28.9,22.2,35.6,2.3,,,7.5,,1005.5,
44904,30.1,22.6,37.9,10.2,,,9.1,,1005.1,
44905,25.9,21.6,38.2,32,,,10.5,,1011.1,
44906,29.3,22.4,37.5,0.5,,,10.2,,1006,
44907,23.2,18.2,37.7,3,,,9.9,,1007.6,
44908,21.4,15.9,28.5,0,,,8.5,,1011.8,
44909,27.4,21.7,32.2,0,,,11.2,,1008.7,
44910,25.2,18.1,32.4,8.9,,,14.8,,1013.7,
44911,20.9,16.3,28.9,0,,,10.8,,1017.6,
44912,21.8,18.4,26.1,0,,,12.7,,1014.6,
44913,23.5,20.3,28,0,,,14.3,,1015.3,
44914,24.8,21.4,29.8,0,,,12.5,,1015.9,
44915,25.8,22.5,30.5,0,,,13.1,,1015.6,
44916,25.4,21.4,31,0,,,11.2,,1015.4,
44917,26.6,22.6,31.9,0,,,12.6,,1011.9,
44918,24.9,20.6,32.2,4.1,,,6.8,,1009.9,
44919,20.6,17.5,28.3,15,,,11.5,,1014.1,
44920,19.1,12.5,25,0,,,6.8,,1018.5,
44921,22.9,16,29.4,0,,,5.1,,1015.1,
44922,25.8,19.6,30.9,0,,,7,,1011.2,
44923,26.6,22.3,31.1,0,,,10,,1009.8,
44924,23.9,16.1,31,0,,,5.9,,1013.7,
44925,29.1,21.8,36.6,0,,,11.4,,1008.9,
44926,27.3,22.5,36.8,0,,,12.7,,1011.9,
44927,23.2,20,30.8,5,,,6.1,,1010.1,
44928,23.4,17.3,30.3,0,,,8.2,,1007.9,
44929,26,19.9,32.9,1.1,,,11.2,,1008.1,
44930,24.6,15.8,32.9,0,,,7.9,,1013.4,
44931,26.3,20.3,32.2,0,,,7,,1015.2,
44932,28,23.6,33.9,0,,,9.3,,1016.8,
44933,27.3,23.4,33.9,0,,,11.1,,1019.3,
44934,26.7,23.2,32.8,0,,,13.5,,1018.4,
44935,26.6,23.2,32.2,0,,,11.8,,1014.3,
44936,27,23.2,33.3,0,,,11.7,,1010.8,
44937,25.7,22.7,33.6,0,,,6.5,,1010,
44938,23.1,18.6,29.4,0,,,8.3,,1009.9,
44939,25.6,18.8,31.1,0,,,8.9,,1009.5,
44940,26.8,21.3,32.2,0,,,5.9,,1009.7,
44941,28.4,20.6,34.8,0,,,8.7,,1012.5,
44942,30,25.4,36.4,0,,,8.9,,1012.3,
44943,29.9,25.9,36.5,0,,,12.2,,1014.6,
44944,26.6,23.1,36,0,,,11.1,,1017.7,
44945,27.9,24.2,32.7,0,,,13.4,,1015.1,
44946,26.9,22,33,0.7,,,11.3,,1008.5,
44947,25.6,21.8,33,15,,,4.8,,1004.4,
44948,27.5,19.8,35.4,0.4,,,6.4,,1006.2,
44949,27.2,21,35.4,0,,,6.4,,1010.1,
44950,28.7,23.7,34.4,1.9,,,7,,1008,
44951,27.7,20.7,34.6,0,,,8.1,,1009.4,
44952,27.8,24.5,34.2,0,,,10.2,,1008.1,
44953,25.1,20.9,32.2,25.9,,,8.7,,1009.9,
44954,25.8,20.8,31.9,0.3,,,6,,1014,
44955,26.3,22.5,32.1,0,,,11,,1015.8,
44956,25.6,22.2,30,0,,,10.9,,1011.1,
44957,26.6,22.6,30.6,0,,,7.7,,1010,
44958,25.6,23.7,30.7,0,,,10.7,,1013.2,
44959,24.5,21.4,28.1,14.6,,,9,,1014.1,
44960,22.8,18.8,28,30,,,11.1,,1015.5,
44961,23.7,17.8,29.8,0,,,7.8,,1016.3,
44962,25.3,18.2,31.5,0,,,4.4,,1012.3,
44963,28.3,22.7,33.2,0,,,7.9,,1010.3,
44964,29.3,24.8,35,0,,,8,,1010.2,
44965,28.3,25.8,35.3,1.4,,,8.9,,1008.8,
44966,28.8,22.1,34.1,0,,,6.6,,1010.4,
44967,30.4,24.6,36.4,0,,,6.8,,1010,
44968,32.1,26.2,37.4,0,,,8,,1009,
44969,33.5,29,38.1,0,,,12.1,,1004.8,
44970,28.8,23.9,38.1,0,,,9.8,,1003.7,
44971,27.6,21.8,33.9,0,,,5.6,,1005.8,
44972,25.3,20,34,0,,,9.4,,1006.7,
44973,23,12.7,30.1,5,,,10.9,,1002.3,
44974,12.3,7.9,26.6,0,,,14.1,,1012.4,
44975,16,8.9,23,0,,,6.6,,1020.2,
44976,20.8,15.5,26.7,0,,,9.9,,1020.3,
44977,22.2,16,28.9,0,,,7.1,,1017.5,
44978,24.4,20.8,30.5,0,,,10.5,,1015.3,
44979,27,21.6,33.1,0,,,9.9,,1014.5,
44980,26.4,21.3,33.2,0,,,4.3,,1013.4,
44981,26.2,21.1,32,3.9,,,5.4,,1011.2,
44982,25.7,21.3,32.7,0,,,6.2,,1005.6,
44983,23.6,17.9,33.2,0.8,,,8.3,,1012.7,
44984,25,20.9,30.8,0,,,10.4,,1017.1,
44985,28.9,22.8,36,0,,,7.1,,1013.4,
44986,31.1,25.6,37,6.1,,,11.5,,1009.1,
44987,30.6,25.1,37.6,0,,,9.1,,1007.6,
44988,30.8,25.4,38,0,,,11.1,,1006.6,
44989,28.7,24.6,36,,,,9.3,,1009.5,
44990,27,23.5,36.3,0,,,9.2,,1011.9,
44991,29.1,25.6,33.6,0,,,12.4,,1010.1,
44992,27.6,21.8,33.6,0,,,10.5,,1008.3,
44993,28.1,23.9,33.6,0,,,7.4,,1008.5,
44994,27.8,23.8,33.7,0,,,10,,1012,
44995,30.7,26.3,36.8,0,,,9.6,,1010.6,
44996,32.5,26.2,38.8,0,,,7,,1011.1,
44997,32.1,28,38.9,0,,,8.6,,1012.7,
44998,30.6,27,36.5,0,,,10.8,,1012.4,
44999,31.5,28,36.9,0.4,,,9.4,,1010.6,
45000,28.4,25.5,37,13.1,,,7,,1011.3,
45001,27.5,24.7,31.4,1.4,,,4.8,,1012.3,
45002,28.7,25.2,33.2,0.6,,,6.7,,1012.8,
45003,26.8,23.3,33.4,0,,,11.7,,1014.9,
45004,27.5,25.1,33.4,5,,,7.1,,1011,
45005,23.2,18.5,33.4,4.1,,,11.2,,1015.1,
45006,22.9,19.5,26.5,0,,,14.8,,1018.2,
45007,23.3,19.8,27,,,,11.6,,1019.3,
45008,24.9,20.9,29.6,2.8,,,5.3,,1016.4,
45009,24.1,20.2,29.6,,,,10.4,,1017.3,
45010,23.8,19.8,28,13.4,,,7.2,,1012,
45011,20,14.2,28.4,0,,,10.1,,1019,
45012,21.6,17.5,25.9,0,,,8.2,,1016.7,
45013,25.2,21.1,30.2,0,,,13.1,,1009.9,
45014,23.9,19,30.7,1,,,10,,1009.4,
45015,18.8,14.7,29,1,,,12.5,,1015.9,
45016,20.9,16.8,24,0,,,14.9,,1018.8,
45017,15.8,9.9,22.9,0,,,6,,1021,
45018,18.6,16.4,21.4,26.1,,,6.3,,1016.1,
45019,18.7,15.2,21.9,29,,,5.4,,1014.7,
45020,19.2,15.8,23.8,0.6,,,6.3,,1017.6,
45021,21.6,19.2,25.9,0,,,10.5,,1018.8,
45022,21.7,18.8,25.9,,,,11.2,,1019.4,
45023,21.8,18.9,26.5,0,,,7.9,,1019.4,
45024,21.9,18.1,26.5,0,,,8.4,,1019.5,
45025,22.3,16.8,27.9,0,,,8.1,,1017.1,
45026,22.2,16.4,27.9,0,,,4.8,,1017.4,
45027,24,18.6,29.4,0.4,,,8.6,,1010.8,
45028,19.7,15.4,29.8,2,,,9.7,,1013,
45029,15.3,9.9,21,0,,,8.9,,1018.6,
45030,14.9,9.4,19.9,0,,,5.3,,1020.6,
45031,16.9,11.7,20.2,0,,,6.6,,1020.8,
45032,16.4,11.8,20.3,0,,,3.6,,1017.7,
45033,16.4,12.8,20.8,0,,,5.1,,1011.7,
45034,13.7,9.7,21.7,7.1,,,7.8,,1005,
45035,14.5,11.7,18.3,,,,8.2,,1008.3,
45036,14.6,7.9,20.7,0,,,3.7,,1018.4,
45037,17.3,13.2,21.9,0,,,7.8,,1016.3,
45038,18.1,13.3,24.4,0,,,4.6,,1019.9,
45039,18.7,14.4,24.5,0,,,7,,1022,
45040,18.8,15.5,22.9,0,,,6.4,,1019.9,
45041,19.4,17.5,22.3,21.1,,,2.5,,1014.5,
45042,18.8,15,24,0,,,2.5,,1014.2,
45043,20.9,15.6,27.9,0,,,4.7,,1014.3,
45044,21.8,17.5,28.1,0,,,9.9,,1012.9,
45045,22.3,17.7,27.2,0,,,13.8,,1009.7,
45046,20.4,14.7,26.9,3.8,,,15,,1008.9,
45047,14.9,9.5,26.9,3,,,5.7,,1019.9,
45048,13.1,7.9,20.1,0,,,4.3,,1021.6,
45049,13.9,8.6,20,0,,,3.5,,1020.8,
45050,15.8,9.6,22.3,0,,,4,,1019,
45051,17.8,13,22.3,15.7,,,11,,1019.7,
45052,18.4,16.8,21.3,33,,,13,,1012.6,
45053,17.8,15.1,21.8,0,,,5.7,,1012.5,
45054,16.1,11.5,21.8,0,,,4.5,,1016.8,
45055,15.1,9,21.8,0,,,3.7,,1019.6,
45056,15.2,10.8,20.4,0,,,6.5,,1021.4,
45057,13.1,8.9,20.5,0,,,5.4,,1022.6,
45058,14.1,8.2,18.5,0.5,,,8.7,,1020.1,
45059,17.3,13.9,22.8,0,,,4.9,,1016.1,
45060,19.8,14.5,26.9,0,,,8.6,,1016.3,
45061,19.2,13.4,26.9,0,,,3.7,,1018.1,
45062,19.9,15.9,25.5,0,,,9.4,,1016.6,
45063,19.8,16.4,25.5,0,,,10.7,,1013.7,
45064,18.8,13,23.7,0,,,7.9,,1016.3,
45065,15.2,11,22.9,13.3,,,6.6,,1017.6,
45066,13.4,10,19.8,38.1,,,9.6,,1020.8,
45067,15.8,11.2,20,0.5,,,7.3,,1015,
45068,18.7,17.3,20.3,0.5,,,7.3,,1013,
45069,19.5,17.4,21.7,0.8,,,5.2,,1014.1,
45070,20.8,18.8,21.8,25.1,,,9.4,,1010.7,
45071,19.7,18.5,21.9,1,,,6.4,,1010.7,
45072,19,14.5,21.1,64,,,6.7,,1008.8,
45073,13.4,9,20.6,55.9,,,11.8,,1024.7,
45074,9.6,4,15.4,0,,,2.7,,1028.6,
45075,11.1,6.6,15.7,0,,,5.2,,1024.5,
45076,13.7,10.3,16.5,0,,,5.9,,1021.6,
45077,16.4,13.8,20.4,0.5,,,6.4,,1018.2,
45078,17.7,13,23.5,0,,,3.5,,1018.4,
45079,20.6,18.1,24.2,1.2,,,11.4,,1012.9,
45080,19.7,15.6,24.2,1.2,,,5.6,,1013.4,
45081,16.7,10.8,23.5,5.7,,,7.5,,1020.6,
45082,12,7,19.4,0,,,5.9,,1023.8,
45083,16.5,12.7,20.4,0,,,8.2,,1015,
45084,18.3,13.9,20.4,0,,,6.9,,1016.7,
45085,21.4,17.6,26.2,0.3,,,9.2,,1010.4,
45086,19.8,11.2,26.2,0,,,15.2,,1008.7,
45087,10.7,8.6,20.6,,,,6.2,,1016.4,
45088,8.2,4.2,12.6,0,,,7.5,,1022.7,
45089,7.4,2.8,14,0,,,5,,1027.8,
45090,7.9,2.7,15.4,0,,,2,,1032,
45091,8.1,2.6,15.4,0,,,4.3,,1028.9,
45092,10.3,4.1,15.2,0,,,3.8,,1026.1,
45093,11.7,7.6,15.6,0,,,1.3,,1024.4,
45094,9.8,6.6,16,0,,,5.7,,1025.6,
45095,6.8,0.9,14.5,0,,,3.6,,1024.5,
45096,11.5,6.9,15.6,0,,,5.7,,1023.9,
45097,10.9,8,15.6,0,,,7,,1023.1,
45098,13.3,8.8,15,0,,,2.8,,1018,
45099,11.8,8.2,16.9,0,,,3.4,,1014.8,
45100,11.5,8.5,16.9,0,,,6.7,,1011,
45101,13.6,10.9,17.4,0,,,5.7,,1009.6,
45102,13.8,11.5,17.2,0,,,5.5,,1013.9,
45103,15.9,13.3,20.7,1,,,5.4,,1012.3,
45104,13.8,9.9,20.7,0,,,12.4,,1015.1,
45105,12.1,8.2,17.6,0,,,8.1,,1023.7,
45106,10.4,7.1,17.9,0,,,5.8,,1027.1,
45107,12.2,7.2,16,0,,,5.9,,1024.8,
45108,13.6,9.4,17.4,0,,,4.9,,1021.7,
45109,15.5,12.5,19.3,0,,,11,,1016.7,
45110,17,13.9,20.3,0,,,7.6,,1015.5,
45111,20.1,17.8,25,9.6,,,8.7,,1012,
45112,17.7,14.4,25,11.9,,,8.4,,1014.5,
45113,15.5,12,20.4,0,,,11.1,,1013.9,
45114,12.1,8.7,19.7,0,,,9.3,,1017.7,
45115,12.6,9.8,15.7,0,,,9.9,,1017.8,
45116,14.6,13.4,16.3,1.5,,,4.3,,1016.7,
45117,13.5,11.3,16.5,0,,,7,,1018.7,
45118,11.8,9.2,17.7,,,,10.4,,1020.4,
45119,9.9,8.8,13.2,15,,,11.4,,1016.1,
45120,8.8,6.3,12,4.1,,,10.4,,1021.8,
45121,6.9,2.5,12.2,0.3,,,6,,1022.6,
45122,10.7,8.4,14,0,,,6.1,,1018.3,
45123,8.8,4.3,14,0,,,7.7,,1021.6,
45124,7.2,2.8,13.2,0,,,8.1,,1026.9,
45125,6.3,1.1,11.6,0,,,3.8,,1031.8,
45126,9.8,7.3,12.4,0,,,14,,1030.7,
45127,12.4,9.6,15.9,0,,,9.2,,1020.6,
45128,18.9,13.8,23.9,0,,,11,,1009.4,
45129,23,13.8,27.9,2.7,,,15.9,,1004.5,
45130,13.8,9.6,27.9,0,,,11.8,,1021.2,
45131,10.9,9.4,18,0,,,11.4,,1027.8,
45132,12.2,9.7,15,0.6,,,7.8,,1020.5,
45133,13.1,11,16,1.4,,,8.5,,1016,
45134,10.1,6.8,16.5,0.3,,,5.1,,1023.2,
45135,11,7.2,14.9,0,,,5.4,,1027.7,
45136,13.4,10,17.6,0,,,13.9,,1022.8,
45137,15.1,11.1,21.3,0,,,7.4,,1018.1,
45138,15.7,10.3,21.3,0,,,5.1,,1019.4,
45139,21.8,16.1,30.1,0,,,9.9,,1014.1,
45140,22.8,14.4,30.2,0,,,14.1,,1013.4,
45141,11.7,9.7,13.2,0,,,9.2,,1023.5,
45142,12.7,7.5,18.9,0,,,4.5,,1019.4,
45143,11.7,6.4,19.2,2,,,7,,1018.2,
45144,16.8,15,20.8,15.4,,,5.2,,1010.5,
45145,11.1,7.6,21,0,,,15.1,,1027.5,
45146,11.1,8.1,15.1,0,,,10.3,,1029,
45147,13.7,10.7,18.2,0,,,5.1,,1020.1,
45148,15.6,11.9,18.4,0,,,10.1,,1010.5,
45149,14.6,10.5,18.4,0,,,16.2,,1014.1,
45150,9.8,5.2,17.7,0,,,8.7,,1025,
45151,10.4,3.1,17.2,0,,,7.6,,1023.3,
45152,17.2,10.7,25.2,0,,,12.2,,1015.6,
45153,19.2,11.8,25.3,0,,,12.4,,1011.2,
45154,21,16.1,27.9,5.6,,,9,,1008.9,
45155,16,14.5,28.5,15,,,15.8,,1008.9,
45156,13.9,10.2,17.1,12.2,,,9.8,,1011,
45157,10.7,6.5,17.1,0.3,,,5.8,,1009.1,
45158,9.9,6.6,14.3,0,,,8.4,,1009.2,
45159,12.5,7.6,17.1,,,,5,,1005.1,
45160,14.8,10.1,18.9,8.4,,,14.2,,1000.2,
45161,12.3,9.5,18.9,0,,,6.8,,1007.6,
45162,12.9,10.6,16.1,0,,,6.1,,1015.1,
45163,12.2,8.7,16.4,0,,,7.7,,1020.3,
45164,10.6,4,16.4,0,,,4.4,,1025.2,
45165,9.9,4.7,16.5,0,,,6.3,,1027.9,
45166,11.4,7.9,14.7,0,,,13.7,,1024.4,
45167,13.9,11.4,18.4,0,,,7.5,,1022,
45168,16.2,11.4,23,0,,,9.5,,1014.4,
45169,14.5,8.1,23.1,0,,,6.3,,1018.8,
45170,17.3,13.8,22.5,0,,,7.9,,1011.3,
45171,15.7,10,22.6,0.8,,,14,,1011.7,
45172,10,7.9,15.8,20.1,,,10.8,,1013.4,
45173,10.7,8.8,13,0,,,10.7,,1019,
45174,9.3,5.6,13,0,,,8.8,,1027.5,
45175,10.5,7,13,,,,19.5,,1024.4,
45176,14.3,13.3,16.6,4.2,,,10.4,,1013.4,
45177,13.7,7.7,19.4,,,,6.6,,1015.9,
45178,15.6,9.5,20.2,0,,,5.9,,1018.1,
45179,17.3,14.4,21.1,,,,11.1,,1013.4,
45180,17.2,14.8,23.5,26.8,,,12.9,,1006.3,
45181,14.7,9.6,23.5,0,,,9.9,,1018.1,
45182,14.3,10.4,20.7,0,,,5.2,,1021,
45183,14.7,9,20.7,0,,,9.7,,1018.8,
45184,19.4,13.8,26.1,0,,,15.4,,1008.8,
45185,20.8,16.9,27,0,,,13,,1003.3,
45186,17.4,13.4,27,,,,11.7,,1010.9,
45187,14.2,9.5,19.1,0,,,14.8,,1019.6,
45188,11.4,9.9,18.6,0,,,18.5,,1021.3,
45189,15.9,14.5,17,0.4,,,16.6,,1017.8,
45190,17.9,16.1,19.8,,,,2.6,,1010.1,
45191,15.1,11.1,19.8,0,,,11,,1015.9,
45192,14.5,11.6,17.1,0,,,10.7,,1013.7,
45193,14.6,12.9,18.2,,,,7.8,,1015.8,
45194,14.1,10,18.2,0,,,20,,1017.1,
45195,13.9,12.4,17.2,0,,,9.4,,1017.1,
45196,14.4,7.9,20.9,0,,,4.6,,1020,
45197,16.5,10.9,21.3,0,,,11.3,,1019.4,
45198,16.6,11.6,21.2,0,,,8.9,,1021.8,
45199,13.1,7.5,21.2,0,,,7.9,,1022.3,
45200,14.2,6.5,20.9,0,,,4.4,,1018.2,
45201,15.1,11,21.1,0,,,11.8,,1014.4,
45202,16.6,14.2,20.1,1.3,,,7,,1011.3,
45203,15.5,12.2,20.5,,,,10.8,,1011.8,
45204,18.1,10.4,24.9,0,,,10.7,,1007.9,
45205,20,13.2,27.2,0,,,8.6,,1010.6,
45206,17.8,11,27.4,0,,,6.8,,1018.9,
45207,21,14.5,28.2,0,,,8.4,,1017.1,
45208,23.3,16.4,30.1,0,,,9.1,,1015,
45209,23.2,17.1,30.4,6.4,,,16.5,,1010,
45210,14.9,10.6,28.9,10.9,,,17,,1019.4,
45211,10.6,4.8,16.6,0,,,7.5,,1024.4,
45212,14.7,9.5,18.9,0,,,6.3,,1024.5,
45213,17.9,14.5,21.7,0,,,12.4,,1022.2,
45214,18.9,14.9,23.3,0,,,9.3,,1017.7,
45215,21.8,17.6,27.8,0.4,,,10.7,,1010.9,
45216,15.8,9,28.6,0,,,15.2,,1021.1,
45217,14.5,10.7,20.7,0.7,,,10.1,,1023.7,
45218,17.4,15.3,20.3,0.4,,,13.6,,1021.2,
45219,19.7,15.8,24.5,0,,,10.3,,1017.7,
45220,20.7,17.2,24.6,3.1,,,8.5,,1014.3,
45221,21.9,19,27.3,1.6,,,9,,1011.5,
45222,18.3,16.7,27.4,3,,,10.9,,1013.6,
45223,16.5,13.6,20.1,1.8,,,9.2,,1016.8,
45224,16.4,10.2,23.1,0,,,6.6,,1015.5,
45225,18.9,13.2,23.9,0,,,9.7,,1010.8,
45226,22.5,18.2,26.9,0,,,10.4,,1006.1,
45227,24,19.6,27.8,0,,,6.9,,1002.7,
45228,22.1,18,27.9,4.1,,,11.4,,1002.4,
45229,16.8,10.5,24,8.9,,,15,,1014,
45230,14.4,11.6,20.3,0,,,11.7,,1021.1,
45231,13.4,10.6,15.6,0,,,25,,1021.7,
45232,14.3,12.6,15.7,10.9,,,16.5,,1014.5,
45233,14.4,11.4,16.6,7.5,,,11.5,,1011.8,
45234,16.8,9,24.8,0,,,3.4,,1015.6,
45235,19.6,14.4,24.9,0,,,8.8,,1015.4,
45236,21.5,17.3,25.4,0,,,10.3,,1015.5,
45237,24.2,18.3,31.2,3.1,,,11.6,,1007.7,
45238,23.3,18.2,31.4,1,,,8.1,,1012.2,
45239,20.6,15.7,27.8,0,,,11.3,,1016.2,
45240,18,17,25.5,24.9,,,14,,1009.2,
45241,21.8,17,27.9,10.4,,,4.6,,1001.2,
45242,21.3,17.1,28.4,0,,,8.6,,1008.9,
45243,17.6,12.8,25.9,0,,,13.1,,1013.1,
45244,19.4,12.2,25.6,0,,,5.7,,1011.3,
45245,22.2,18.2,27.3,0.3,,,8.5,,1005,
45246,21.1,16,27.5,11.9,,,7.2,,1005.4,
45247,21.7,15.6,27.9,0,,,11.4,,1000.6,
45248,19.6,17.1,27.9,3,,,10.3,,1005.9,
45249,21.6,15.4,28.4,0,,,7.8,,1013.1,
45250,25.2,17,31.2,0,,,13.5,,1009.1,
45251,24.8,18.9,31.2,4.8,,,7.3,,1007,
45252,21.3,16.8,29.2,2,,,10,,1012.2,
45253,24.6,19.3,30.7,0,,,12,,1017.4,
45254,21.2,16.4,30.7,0,,,10.4,,1023.8,
45255,22.3,18,27.1,0,,,9.9,,1019,
45256,24.6,20.1,29.9,0,,,9.6,,1014.1,
45257,26.1,21.1,30.9,0,,,9.4,,1014,
45258,25.8,22,31,0,,,9.2,,1010.9,
45259,24.5,19.6,30.8,1,,,15.9,,1009.9,
45260,24.8,17.9,30.2,0,,,6.9,,1010.7,
45261,24.3,20.1,30.3,0,,,11.7,,1005.1,
45262,23.9,17.8,30.3,0,,,5.7,,1008.3,
45263,17.8,14,30.4,2,,,12.8,,1018.2,
45264,18.2,13.6,21.6,0,,,10.9,,1022.9,
45265,19.7,16.3,23.6,7.1,,,9.8,,1017.2,
45266,21.2,19.4,24.2,19.1,,,4.7,,1009.6,
45267,20.2,17.1,24.9,1.4,,,8,,1014.1,
45268,21.2,16.2,25.5,0,,,6.6,,1020,
45269,21.4,18.1,25.4,0.5,,,8.5,,1017.5,
45270,23.7,18.8,27.9,,,,6.8,,1015.7,
45271,24.8,18.9,29.7,0,,,11.8,,1012.3,
45272,27.8,21.5,33,0,,,14.9,,1010.1,
45273,27.6,22.8,33.3,3,,,7,,1006.5,
45274,25.1,21.4,32.1,0,,,9.1,,1007.1,
45275,27.3,24.4,30.3,3.3,,,7,,1007.6,
45276,28,24.7,31.5,0,,,11.6,,1006.8,
45277,23.4,19,31.5,38.1,,,12,,1007.4,
45278,19.5,15.7,23.2,11.9,,,12.6,,1014.7,
45279,17.2,12.1,21.4,13,,,14.5,,1020.2,
45280,21,16.4,24.6,,,,11.3,,1017.1,
45281,24,18.8,29.5,0,,,6.2,,1014.1,
45282,23.9,18.6,29.5,0,,,6.9,,1012.7,
45283,26.5,21.4,31.8,4.8,,,7.1,,1010.8,
45284,24.4,22,31.8,9.5,,,10.3,,1011.1,
45285,23.1,18.8,26.8,8.9,,,9.7,,1013.3,
45286,21.2,12.6,27.1,0,,,6,,1018.2,
45287,25,18.8,30.7,0,,,10.4,,1012.7,
45288,26.6,20.4,31.3,1.6,,,10.4,,1004.3,
45289,24.8,19.9,31.5,0,,,11.7,,1011.4,
45290,20.7,12.5,27,0,,,6,,1018.8,
45291,24.1,20.6,27.4,0,,,8.6,,1015.9,
45292,25.2,22.8,28.6,2.2,,,9.5,,1013,
45293,24.9,22.6,28.6,0,,,9.7,,1012.9,
45294,24.8,22.2,28.4,0.9,,,11.6,,1015.3,
45295,25.2,22.6,28.9,0,,,11.8,,1015.7,
45296,26.8,22.8,31.3,0,,,11.4,,1012.8,
45297,26.9,24,31.9,0,,,8.7,,1008.7,
45298,24.9,20.2,32,12.3,,,8.1,,1007.7,
45299,24.8,18.6,32,55.9,,,4.5,,1008.6,
45300,27.9,22.1,33.1,0,,,5.6,,1009.9,
45301,27.6,23.2,33.5,1,,,7.2,,1009.8,
45302,24.1,20.7,32.8,7.9,,,11.5,,1015.5,
45303,21.8,18.3,27.6,0,,,9.8,,1017.1,
45304,25.6,21.7,30.7,0.2,,,11.4,,1012,
45305,26.5,21,32.3,3.4,,,7.5,,1008.9,
45306,26.1,21.8,32.3,0,,,9.9,,1010.2,
45307,23.4,19.4,31.3,14,,,7.6,,1010.8,
45308,24.2,18.6,29.3,0,,,7.6,,1015.6,
45309,25.6,22.8,29.4,0.5,,,8.4,,1011.1,
45310,25.4,20.8,31.5,0,,,10,,1012.6,
45311,23.2,16.5,31.5,0,,,9.8,,1016,
45312,23.6,19.9,28.2,0,,,10.9,,1019.2,
45313,24.4,21.2,28.2,0,,,8.6,,1021.7,
45314,24.6,20.5,28.5,0,,,12,,1020,
45315,25.2,21.3,29,0,,,14.2,,1017.6,
45316,26,22.4,30,0,,,11.2,,1017.7,
45317,26.2,22.1,30.2,0,,,11.5,,1019,
45318,25.8,21.7,30.2,0,,,11.2,,1017.3,
45319,25.7,22.3,30,0,,,10.7,,1015.4,
45320,26.9,23.7,31.3,0,,,9,,1013.6,
45321,29.3,25.1,33.7,0,,,8,,1011.9,
45322,29.6,25,34.7,0.8,,,5.2,,1012.3,
45323,31.7,25.8,37.7,0,,,7.7,,1015,
45324,31.1,26.2,37.9,0,,,9.8,,1014.6,
45325,30.3,23.3,37.4,0,,,12.2,,1011,
45326,23.2,18.3,37.8,0,,,17.8,,1016.7,
45327,25.9,21.2,31.9,0,,,10.1,,1014.4,
45328,28.6,24.8,35,,,,13.4,,1014,
45329,29.5,24.4,35,0,,,8.4,,1010.7,
45330,29.1,24.6,33.9,0.9,,,9.6,,1010,
45331,26.2,24.2,34,6.6,,,9.2,,1011.2,
45332,27.4,24.5,32,26.6,,,4.9,,1009.5,
45333,28.7,23.1,33.8,0,,,6.2,,1010.4,
45334,25.6,18.2,33.9,0,,,9.8,,1010.1,
45335,19.2,12.9,25,25.9,,,10.4,,1022.1,
45336,21.1,16.7,24.5,0,,,9,,1021.7,
45337,23.9,21.1,27.6,0,,,12.2,,1018.4,
45338,25.1,22.7,29.2,0,,,10.9,,1016.2,
45339,25.8,23,29.6,0,,,11.6,,1014.4,
45340,26,23.9,29.6,3.8,,,6.5,,1013.9,
45341,25.6,21.2,31.7,0,,,7.7,,1012.4,
45342,26.2,23.2,31.7,0.4,,,7.9,,1011,
45343,27.4,24.1,31.1,0,,,9.3,,1009.9,
45344,27.4,23.8,31.3,0,,,9.2,,1007.1,
45345,25.7,22.2,31.1,0,,,9,,1012.4,
45346,24,20.3,29.5,0,,,12.1,,1021.4,
45347,23.2,20.3,26.7,0,,,12.2,,1022.6,
45348,23,20.5,26.7,13,,,8.7,,1016,
45349,25.1,22.3,28.2,0,,,6,,1011.4,
45350,26.5,21.2,31,0,,,5.9,,1011.7,
45351,26.1,22.5,31.2,6.4,,,8.3,,1014.6,
45352,24.6,21.5,30.2,0,,,8.2,,1014.6,
45353,25.8,24.2,30.1,12.2,,,7.7,,1008.8,
45354,22.2,16,30.1,0,,,11,,1017.2,
45355,21.1,16,27.6,0,,,4.8,,1018.5,
45356,20.4,15.5,28.2,0,,,8.9,,1019,
45357,21.2,17.2,26.3,0,,,8.6,,1016.1,
45358,24.3,20.1,29.8,0,,,9.3,,1014.3,
45359,25.5,22.6,30.9,0,,,8.8,,1010.1,
45360,26.6,21.4,32.7,13.9,,,6.7,,1008.8,
45361,24.5,22,32.7,0,,,8.8,,1014.4,
45362,23.7,20.1,27.2,4.1,,,13,,1013.1,
45363,20.9,18,26.9,127,,,14.4,,1010.2,
45364,22.6,21.1,24.4,34.5,,,7.4,,1009.6,
45365,22.5,21,24.5,49,,,5.6,,1009.3,
45366,23.6,20.1,28,0.3,,,5.1,,1009.7,
45367,24.8,23.2,28.9,3.8,,,3.8,,1006.9,
45368,23.9,20.4,29.4,0,,,9.3,,1011.6,
45369,24.3,21.2,28,18.2,,,8.4,,1008.9,
45370,24.1,20.8,28.3,7.5,,,8.5,,1008.1,
45371,22.6,20.4,28.3,38.1,,,12.5,,1001.6,
45372,18.9,13.5,23.5,74.9,,,11.6,,1016.4,
45373,17.4,10.9,22.7,0,,,6.2,,1024.5,
45374,21.3,17.8,24.8,0,,,13.1,,1019.8,
45375,24.2,20.1,29.7,0,,,5.5,,1015.3,
45376,22.5,17.8,30.2,0,,,7.5,,1017.9,
45377,20.8,18.9,27.2,0,,,10.7,,1018.3,
45378,23,19.8,27.6,0,,,8.7,,1017,
45379,22,17.6,25.7,0,,,8.6,,1018.1,
45380,22.6,18.1,27.9,0,,,9,,1015.3,
45381,23.6,18,29.9,0,,,11.4,,1011.6,
45382,20.3,18.7,22.3,0.6,,,21.5,,1015.4,
45383,19,18,20.8,0,,,13.1,,1017.7,
45384,18.7,13.9,21.9,0,,,10,,1015.3,
45385,18.7,16.2,22.3,27.9,,,7.5,,1011.8,
45386,18.4,12.8,24.4,0,,,3.2,,1016.3,
45387,20.4,14.4,27.7,0,,,3.2,,1019.4,
45388,20.7,15.6,27.8,0,,,8,,1017.4,
45389,21.3,17.2,25.8,0,,,4.5,,1016,
45390,21.2,18.3,25.8,0,,,6.1,,1013.5,
45391,22,18.4,27.6,0.3,,,5.5,,1014.4,
45392,16.8,13.4,28.5,0,,,13.1,,1021.2,
45393,15.6,11.6,19.9,0,,,13,,1025.1,
45394,17.7,14.4,20.3,0.8,,,12.1,,1023.2,
45395,18.2,16.5,20.3,11.9,,,18.6,,1017.4,
45396,20.3,19,21.9,11.9,,,8.9,,1011.7,
45397,22.1,20.8,23.4,49.4,,,12.5,,1004.1,
45398,18.2,15,23.4,20.1,,,8.2,,1006.5,
45399,17.5,13.2,24.4,0,,,9.6,,1014.1,
45400,17.8,11.2,24.9,0,,,5,,1016.4,
45401,21.4,17.5,27.9,0,,,11.1,,1012.3,
45402,22.3,18.5,27.9,0,,,7.3,,1013.2,
45403,21.2,19,27.8,9.3,,,9.3,,1013.6,
45404,18.7,15.4,22.8,23.1,,,11.6,,1012.1,
45405,19.1,15.5,22.5,0,,,7.5,,1013.2,
45406,15.6,9.7,22.6,0,,,6.7,,1018.8,
45407,16.4,13.9,21.4,3,,,8,,1015.3,
45408,18.2,16.7,20.3,26.1,,,6.5,,1007.6,
45409,15.1,12.2,20.3,7.9,,,6.9,,1012.8,
45410,14,7.2,22.1,0,,,5.4,,1013.8,
45411,16.8,11.9,22.2,0,,,10.5,,1008.2,
45412,19.3,18.5,20.5,0.2,,,6.1,,1005.8,
45413,15.9,13.7,18.2,0,,,14.2,,1012,
45414,13.1,9.1,17.4,3,,,7.3,,1015.2,
45415,11.7,5.6,17.5,0,,,4,,1016.3,
45416,14.8,8.6,18.2,0,,,6.3,,1014,
45417,19,17.2,20.6,0,,,5.3,,1010.7,
45418,19.1,17.8,21.6,3.1,,,4.8,,1006.7,
45419,18.2,16.9,21.6,1,,,7.1,,1004.2,
45420,17.3,10.8,19.4,0,,,13.6,,1009.1,
45421,12.1,6.6,18.7,0,,,5.6,,1020.2,
45422,13.9,8.6,18.7,0,,,5.7,,1016.9,
45423,13.8,10.8,19.2,0,,,10.5,,1017.7,
45424,11.1,8.6,19.2,0,,,11.1,,1017.7,
45425,9.4,5,13.8,0,,,7.4,,1024.1,
45426,9.4,4.7,15.1,0,,,6,,1025.3,
45427,11,5.8,17.7,0,,,4.3,,1019.7,
45428,13.1,8.9,18.6,0,,,4.4,,1013.7,
45429,10.8,6.5,18.8,0,,,5.3,,1018.5,
45430,9.3,5.7,15.8,0,,,3.6,,1025.9,
45431,8.9,4.4,15,0,,,1.2,,1025.8,
45432,11.9,6.3,16.5,0,,,9.7,,1019.2,
45433,13.6,10.8,16.6,0,,,5.9,,1016.3,
45434,13.2,11.5,14.9,0,,,6.1,,1015.5,
45435,13.2,11,15.5,0.2,,,9,,1018.1,
45436,9.9,6.7,15.4,0,,,13.4,,1025.4,
45437,7.5,2.9,12.7,0,,,7.3,,1030.3,
45438,7.9,3.5,12.9,0,,,5.6,,1029.9,
45439,9.6,6.3,11.4,0,,,9.5,,1027.5,
45440,11.3,9,15.9,0,,,4.8,,1026.7,
45441,14.1,11.8,16.6,0,,,7.3,,1024.2,
45442,14.7,11.3,18.1,0,,,4.3,,1023.6,
45443,13.7,10.8,18.7,0,,,5.4,,1020.7,
45444,17.2,14.5,23.5,0,,,6.2,,1013.5,
45445,12.9,9.1,23.5,0,,,6.6,,1017.8,
45446,8.9,4.5,13.9,0,,,8.5,,1029.5,
45447,11,8.5,13.1,0,,,9,,1025.7,
45448,13.9,11.2,16.1,0,,,6.4,,1018.3,
45449,16,13.4,19.2,0,,,4,,1016.4,
45450,17.3,14.5,20.5,3.1,,,6.6,,1018.1,
45451,20.2,16.6,23.2,0,,,7.1,,1013,
45452,21.7,17.1,27.1,0,,,9.9,,1004.9,
45453,16.7,12.6,27.1,0,,,7,,1015.4,
45454,14.9,12.6,21.5,,,,7.8,,1015.9,
45455,18.4,16.4,21.1,0,,,5.2,,1009,
45456,24,20.3,27.7,0,,,11.8,,999.3,
45457,20.3,15.4,27.7,13.4,,,6.8,,1005.8,
45458,16.1,10.3,22.2,0,,,4.4,,1018.2,
45459,14.2,11.4,22.4,0,,,5,,1020.1,
45460,14.9,10.8,17.9,0,,,6.4,,1014.2,
45461,16.6,15.1,18.6,0.3,,,6.9,,1007.7,
45462,15.6,12.1,19,0.3,,,5.1,,1012.8,
45463,12.5,8.1,19.1,0,,,10.8,,1018.6,
45464,16.2,13.7,18.6,13.6,,,5.9,,1009.2,
45465,17.3,14.2,18.6,4.1,,,6.1,,1007.4,
45466,13.2,8.9,17.4,0,,,10,,1013.9,
45467,9.2,5.4,15.8,0,,,8.1,,1023.7,
45468,8.5,4.9,12.4,1.7,,,3.3,,1026.9,
45469,10,6.7,14.4,0.7,,,9,,1018.3,
45470,13.2,9.2,18,0,,,9.6,,1006.7,
45471,11.1,6.6,18.5,0,,,11.4,,1014.7,
45472,6.7,2.6,12.6,0,,,10.2,,1023.4,
45473,8.3,1.2,15.4,0,,,7.6,,1020,
45474,12,7.7,19.3,0,,,5.4,,1017.2,
45475,13.2,7.7,20.3,0,,,7,,1013.9,
45476,10.7,6.6,20.4,0,,,6.4,,1017,
45477,8,3.2,14,0,,,5.3,,1019.6,
45478,6.5,0.6,13.9,0,,,5.6,,1025.8,
45479,5.6,-0.4,12.7,0,,,4.1,,1028.1,
45480,7.7,5.1,11.2,0,,,6.5,,1029.5,
45481,5.7,1.3,11.5,0,,,7.1,,1030.8,
45482,3.7,-1.5,10.5,0,,,3.3,,1029.6,
45483,4.4,-0.2,11,0,,,2.2,,1023.8,
45484,5.7,0.2,12.8,0,,,2.4,,1026.4,
45485,7,1.2,15,0,,,3.1,,1034.2,
45486,7.1,0.3,15.3,0,,,2,,1033.4,
45487,7.2,1.7,15.2,0,,,4.4,,1031.4,
45488,11.1,6.4,16.7,0,,,6,,1031.2,
45489,13,9.2,18.2,0,,,5.8,,1027.4,
45490,13.7,8.7,19.8,0,,,4.4,,1023.4,
45491,14.2,10.1,19.8,0,,,6.9,,1019,
45492,12.2,9,19.4,0.1,,,12.3,,1026.9,
45493,9.8,8.3,15.1,2.4,,,11.1,,1026.2,
45494,12.9,12,14.7,0,,,4.6,,1020.6,
45495,12.5,11.1,14.7,0,,,3.9,,1022,
45496,12.5,10.5,15.6,0.1,,,4.1,,1019.3,
45497,16.9,12.2,19.7,6.9,,,5.5,,1014.6,
45498,15,9.4,23,0,,,5.1,,1017.1,
45499,13.6,7,23.5,0,,,4.8,,1019.2,
45500,13.1,7.5,21.2,0,,,4,,1020.1,
45501,10.6,6.5,21.3,0,,,4.4,,1026.6,
45502,7.8,3.3,15.1,0,,,7,,1032.5,
45503,10.5,7.6,14.2,0,,,13.5,,1026.5,
45504,14,11,16.7,0,,,9,,1016.6,
45505,19.9,17.2,23.6,0.5,,,11.5,,1008.6,
45506,24.9,21.2,29.6,0,,,18.5,,1001.7,
45507,18.1,13.1,29.7,23.3,,,9.8,,1009.2,
45508,12.9,8.4,18.6,4.1,,,5.6,,1020.9,
45509,14.1,10.2,18,0,,,8.9,,1017.1,
45510,16.8,15.6,18,2.3,,,6.1,,1010.1,
45511,12.4,8.9,18,2,,,12.2,,1013,
45512,8.3,5.4,15,0,,,9.4,,1014.7,
45513,8,4.3,12.4,,,,9.1,,1023.8,
45514,10.9,5.3,17.6,0,,,10,,1017.8,
45515,13.6,6.8,18,0,,,14,,1018.1,
45516,8.9,3.9,13.7,0,,,8.8,,1026,
45517,13.3,8.2,19.8,0,,,10.4,,1021.3,
45518,14.6,9.6,19.8,0,,,8.1,,1017.6,
45519,14.5,8.1,22.4,0,,,4.1,,1016.6,
45520,10.9,8.8,22.4,0,,,11,,1020.6,
45521,12.5,10.2,16,0,,,8,,1020.3,
45522,13.6,10.2,16.2,,,,7.3,,1017.5,
45523,12.9,9.5,15.9,0,,,15.1,,1021.4,
45524,9.5,5.6,13.5,0,,,16.2,,1024.4,
45525,12.1,10.6,14,11.3,,,9.9,,1011.9,
45526,9.9,7.7,14,2,,,11.7,,1015.3,
45527,8.7,5,13.6,0,,,7.1,,1021.9,
45528,9.4,4,14.9,,,,3.7,,1027.2,
45529,9,4.6,14.9,0,,,6.1,,1031.2,
45530,8.9,3,14.2,0,,,6.1,,1028.3,
45531,12.2,6.2,19.5,,,,4,,1026.8,
45532,12.8,6.1,19.4,,,,7.3,,1024.5,
45533,14.3,9.6,19.5,,,,8.5,,1024.2,
45534,12.1,11,19.6,,,,16.2,,1024.9,
45535,11.3,9.7,12.8,84.1,,,17.9,,1017.2,
45536,11.8,9.5,15.2,,,,9,,1019.3,
45537,12.9,10,16.9,,,,9.2,,1012.8,
45538,15.6,12.2,20.6,,,,6.2,,1015,
45539,15.3,9.3,21,0,,,5.9,,1021.1,
45540,12.8,5.8,21,0,,,8,,1022.6,
45541,16.5,12.7,22,0,,,12.2,,1012.2,
45542,16.7,10.1,24.4,0,,,4.4,,1014.7,
45543,16.1,9.6,24.8,0,,,7.1,,1019.3,
45544,16.2,13.8,21.7,,,,9.9,,1015,
45545,16.2,14.7,18.1,0,,,3.6,,1009.3,
45546,15.2,12.6,18.4,0,,,9.1,,1015,
45547,14.6,8.9,19.2,0,,,5.8,,1018.1,
45548,15.4,9.8,20.5,0,,,5.9,,1016,
45549,15.1,9.5,20.7,0,,,8,,1022.8,
45550,14.8,10.4,20.3,0,,,10.5,,1024.2,
45551,19.5,13.2,27,0,,,6.8,,1022.7,
45552,19.1,15.7,27,0,,,11.5,,1018.8,
45553,20.8,16.7,26,0,,,9.7,,1014,
45554,20.6,17.3,25.9,15.1,,,10.8,,1005,
45555,18.2,12.4,25.2,0,,,5.1,,1013.8,
45556,20.6,15.8,25.5,0,,,17.7,,1011.5,
45557,20.2,15.1,25.4,0.5,,,13.3,,1005.6,
45558,16.6,12.3,24,0,,,10,,1014.1,
45559,17.2,14,20.7,0,,,17.9,,1015.2,
45560,17.4,13.9,20.6,0,,,13.2,,1015.6,
45561,15.8,11.4,21.4,0,,,12,,1023,
45562,15.4,8.7,21.4,0,,,7,,1020.4,
45563,19.9,15.4,25.1,0,,,8.5,,1015.6,
45564,21.9,16.5,27.7,0,,,8.5,,1011.4,
45565,24.4,20.2,31,8.3,,,10.6,,1002.1,
45566,19.7,14.2,30.9,0,,,11,,1010.6,
45567,16.6,12.6,24.3,0,,,7.8,,1018.5,
45568,14.7,8.4,21.3,0,,,5.2,,1024.4,
45569,17.8,13.4,22.5,0,,,12,,1021.9,
45570,20.3,15.4,26,0,,,8.7,,1018.8,
45571,18.8,16,26.1,0,,,12.1,,1019.1,
45572,18.8,17.2,22,0,,,8.7,,1014.5,
45573,17.5,14.2,22.7,0,,,9.7,,1018.9,
45574,16.8,13.1,23.5,0.2,,,11.2,,1023.4,
45575,18.6,16.1,22.6,0,,,8,,1015.7,
45576,22.3,15,30.4,0,,,6.6,,1008.8,
45577,19.3,13.7,30.5,7.9,,,8.3,,1017.2,
45578,18.6,17.4,24.1,0,,,3.9,,1022.7,
45579,18.5,17,20.4,9.8,,,8.3,,1021.5,
45580,20.5,16.3,26.6,,,,5.6,,1017,
45581,20.6,15,26.9,0,,,6.8,,1016,
45582,20.7,16.9,26.9,0.5,,,7.1,,1015.4,
45583,21.1,15.7,27.4,0,,,8.9,,1017.4,
45584,22.9,17.7,28.2,0,,,8,,1014.2,
45585,24.8,19,30.7,0,,,14.2,,1009.2,
45586,27.6,22.2,34.3,0.5,,,10.1,,1011.1,
45587,24.6,20.5,34.3,0.1,,,12.8,,1015.4,
45588,21,18.6,27.9,7.9,,,10.7,,1008,
45589,18.8,15.3,22.4,29,,,8.2,,1000.7,
45590,16,12.5,21,3.3,,,6.7,,1007.1,
45591,16.9,8.7,25.7,0,,,4.7,,1016.8,
45592,21.1,14.2,27.7,0,,,7.3,,1018.4,
45593,24.4,18.6,30.1,0,,,8.2,,1016.5,
45594,25.8,20.7,30.7,0,,,9.5,,1016.3,
45595,25.5,20.9,30.9,0,,,10.3,,1015.2,
45596,24.3,20.7,30,0,,,7.2,,1011.6,
45597,25.9,21.3,31.1,0,,,11.7,,1006.2,
45598,23.4,20.8,31.1,7.1,,,10.9,,1010.3,
45599,19.8,13.4,24.7,0,,,13.9,,1016.4,
45600,20.3,16,23.8,0,,,8.6,,1012,
45601,19.8,14.4,24.4,0,,,7.9,,1019.5,
45602,21.7,17.5,26.9,0,,,11.3,,1015.1,
45603,20.7,17.8,27,,,,12.1,,1017.8,
45604,20,13.7,24.8,0,,,7.9,,1017.5,
45605,23.2,18.8,28.1,0,,,9.2,,1013.8,
45606,23.9,19,30,2.9,,,11.2,,1009.5,
45607,18.7,14.7,30.3,7.9,,,11.4,,1012,
45608,18.6,11.3,25.3,0,,,9.2,,1013.6,
45609,21.5,14,26.4,0,,,5.9,,1012.1,
45610,24.4,19.1,30.2,0,,,8.6,,1012.8,
45611,26.5,21.6,31.7,0,,,10.5,,1009.7,
45612,27.8,23.3,33.7,0,,,8.6,,1008.8,
45613,19.5,15.9,33.9,6.1,,,16.5,,1014.2,
45614,17.9,13.1,23.2,0,,,10.5,,1019.3,
45615,19.2,16.7,21.6,0,,,9,,1018.8,
45616,21.3,18.8,23.8,0,,,10.1,,1019,
45617,21.3,19.3,23.3,0,,,9.8,,1020.3,
45618,22.6,19,26.8,0,,,9.7,,1019.3,
45619,23.5,20,27.9,0,,,11.2,,1016.4,
45620,26.1,21.3,32.1,1.2,,,10.9,,1010.4,
45621,24.7,22.4,32.2,11.9,,,8.8,,1010.5,
45622,23.5,20.4,28.2,0,,,7.1,,1009.3,
45623,22.4,19.4,28,15,,,6.8,,1007.8,
45624,22.9,18,26.9,0.9,,,8.4,,1009.9,
45625,23.1,17.7,28.7,8.8,,,8.1,,1012.8,
45626,21.7,16.9,28.9,0,,,8.9,,1015.1,
45627,20.3,18.9,21.8,28,,,10.4,,1004.1,
45628,18.6,13.8,23.7,0,,,9.2,,1009.4,
45629,15.7,10.2,23.7,0,,,6.8,,1015.9,
45630,22.2,16.1,28.1,0,,,10.7,,1013.3,
45631,25.9,19.5,32.4,2,,,11.5,,1007,
45632,23.7,17.1,32.6,14,,,9.6,,1005.5,
45633,17.9,12.6,29.7,0,,,11.1,,1016,
45634,17.6,12,22.1,0,,,5.9,,1018.7,
45635,20,15.1,24.5,,,,5.9,,1016.5,
45636,23.6,17,28.8,,,,7.6,,1014.8,
45637,25.3,20.8,29.4,,,,10.1,,1012.3,
45638,26.7,22.1,31.8,,,,11.1,,1009.2,
45639,24.6,21.6,32,,,,9.9,,1008.7,
45640,23.4,18.6,29.4,0,,,11.8,,1010.6,
45641,22.2,17.8,29.4,0,,,8.9,,1013.8,
45642,21.1,15.3,28.4,0,,,8,,1016.4,
45643,23.5,20,27.8,0,,,9.3,,1017.3,
45644,25,21.1,29.5,0,,,10,,1012.9,
45645,24.3,19.5,29.5,4.1,,,6.3,,1009,
45646,25.7,20.2,31,5,,,9.1,,1006.9,
45647,19.7,16,31.5,0,,,8.7,,1017,
45648,22.3,17,27.4,0,,,9.5,,1018.5,
45649,25.6,20.2,31.3,0,,,9.5,,1013.6,
45650,22.5,17.3,31.3,5.1,,,8.1,,1014.8,
45651,18.6,15.2,26.4,0,,,8.2,,1016.3,
45652,21.2,15.2,27.7,0,,,8.4,,1013.2,
45653,22.9,16.5,29.5,0,,,7.3,,1013.5,
45654,22.7,18.5,29.5,0,,,8.5,,1018,
45655,23,19.5,28.1,0,,,9.9,,1017,
45656,24.1,20.8,29.3,0,,,10.7,,1013.5,
45657,26,21.8,31.7,0,,,13.2,,1010.6,
45658,26.8,23,32.3,2.2,,,8.6,,1007.8,
45659,26.2,20.6,32.5,6.1,,,9,,1007.4,
45660,23,17,32.8,0,,,7.6,,1010.1,
45661,21.8,15.2,28.9,0,,,9.1,,1013.1,
45662,22.3,18.7,26,0,,,8.3,,1014.4,
45663,23.2,19.7,28.3,0,,,9.9,,1014.1,
45664,24.6,20.7,29.7,0,,,9.1,,1013.6,
45665,25.6,21.9,30.8,0,,,9.6,,1013.6,
45666,26.5,22.2,32,0,,,11,,1012.1,
45667,26.3,22.4,31.9,0,,,8.4,,1012.9,
45668,25.5,22.2,32,0,,,9.8,,1015.4,
45669,25.6,22,30,0,,,9.1,,1015.3,
45670,26.9,23,31.4,0,,,10,,1011.9,
45671,27.6,23.3,32.5,0,,,9.4,,1009.6,
45672,28.7,24.2,34.7,0,,,9.4,,1009.4,
45673,30.1,26.2,36.1,0,,,8.5,,1010,
45674,28,23.5,37,2.5,,,12.5,,1011.7,
45675,25.8,22.2,33,0,,,11,,1013.7,
45676,23.7,20.9,30.4,20.9,,,10.6,,1012.6,
45677,22.6,18.2,27,9.2,,,10.7,,1011.8,
45678,25,20.7,29.1,0,,,8.8,,1010.7,
45679,29.3,23.7,35.7,0,,,8.3,,1011.9,
45680,30.1,24.8,35.7,0.2,,,9.6,,1011.8,
45681,28.4,23.4,35,2,,,7,,1009.2,
45682,27.1,21.6,32.2,0,,,9.7,,1013.5,
45683,28.1,23.2,32.2,0,,,10.8,,1014.2,
45684,26.4,23.2,32,6.2,,,11.4,,1010.1,
45685,26,22.5,30.1,0,,,5.7,,1013.5,
45686,26,21.7,31.2,0.1,,,10.3,,1016,
45687,26.3,23.9,31.4,0,,,9.5,,1015.4,
45688,26.1,23,30.1,0,,,9.1,,1011.4,
45689,27.8,23.6,32.2,0,,,8.2,,1008.8,
45690,29.4,24.7,35.2,0,,,8.8,,1006.6,
45691,31.2,26.3,37.2,0,,,8.2,,1005.6,
45692,27.8,23.8,37.6,0,,,8.9,,1008.9,
45693,23.9,21.2,31.5,35.1,,,9.3,,1008.8,
45694,24.1,19,28.9,0,,,6.9,,1010.9,
45695,27,22.2,31.4,0,,,8.2,,1015.4,
45696,28.5,23.8,32.6,0,,,11.9,,1013.4,
45697,25.2,18.7,32.9,14,,,13.2,,1015.8,
45698,30.3,23.7,38.5,0,,,9.7,,1007.4,
45699,24,16.7,38.5,7.1,,,8.9,,1007.2,
45700,22.9,21,26,0.2,,,9.4,,1012.6,
45701,25,20.6,30.2,0,,,7,,1016.5,
45702,24.4,21.7,30.3,6.1,,,11.8,,1012.5,
45703,24.1,19.5,28.4,3,,,5.7,,1008.4,
45704,25.9,23,30.2,1,,,7.3,,1006.1,
45705,25.7,18.3,32,0,,,7.2,,1010.1,
45706,18.6,12.9,31.9,0,,,8,,1017.7,
45707,22.7,15.7,28.7,0,,,5,,1012.4,
45708,27.3,22.7,32.2,0,,,9.7,,1012.2,
45709,30.2,25.6,34.8,1.7,,,11.5,,1012.9,
45710,26.9,23,35.2,6.1,,,10.8,,1013.8,
45711,27.9,25.2,31.2,0,,,10.9,,1012.2,
45712,25.6,22.2,31.6,0,,,7.7,,1011.2,
45713,24.7,22,26.8,1,,,4,,1011.1,
45714,24.8,22.4,27,0,,,11.4,,1014.8,
45715,25.3,22.6,28.9,0.1,,,10.2,,1013.6,
45716,26.2,23,29,23.8,,,9,,1008.7,
45717,25,22.3,29,0.2,,,6.2,,1009.6,
45718,23.7,20.9,29,0,,,8.4,,1014.6,
45719,23.3,20,25.7,82,,,6.5,,1013.3,
45720,24.6,21.4,28.7,18.8,,,9.2,,1012.5,
45721,29.7,25,35.1,14.4,,,7.8,,1009.6,
45722,31.1,26.5,35.8,4.3,,,7.7,,1010.9,
45723,31.1,27.6,35.8,0.7,,,12.2,,1011.1,
45724,21.9,18,34.1,27.9,,,9.2,,1017,
45725,18.1,13.2,23.1,0,,,10.1,,1023.9,
45726,20,15,24.2,0,,,8.1,,1017.4,
45727,19.8,16,24.5,0.3,,,9.5,,1019.3,
45728,18.5,15.6,22.4,0,,,9.3,,1025.2,
45729,17.6,13.6,22.8,0,,,8.2,,1023.4,
45730,18.8,13.2,24.3,,,,6.9,,1019.5,
45731,20.4,15,24.7,,,,7.5,,1019.7,
45732,22.3,20.2,26.8,,,,7,,1020.3,
45733,24.1,20.3,28.6,,,,5.3,,1018.7,
45734,24.7,20.2,31.6,,,,6.5,,1016.7,
45735,26.3,21.3,31.9,,,,7.3,,1016.3,
45736,26.9,21.4,32.4,,,,7.9,,1016.4,
45737,27.3,22.9,32.4,,,,8,,1014.4,
45738,25.8,24.1,32.3,0,,,6,,1011.5,
45739,21.3,19.3,27.5,20.1,,,9.6,,1013.4,
45740,21.2,18.6,25.7,2.2,,,9,,1016.2,
45741,20.8,16,25.7,0.3,,,11.2,,1020.1,
45742,22,18.6,26.2,0,,,8.6,,1016.4,
45743,25.1,21.5,29.6,3.3,,,7.7,,1011.4,
45744,23.7,20.9,29.6,0.5,,,5.1,,1011,
45745,21.6,15.8,27.5,0,,,4.6,,1014.2,
45746,24.4,17.7,30.6,17.8,,,13.7,,1007.6,
45747,17.6,13.6,31.1,23.1,,,9.8,,1017.1,
45748,16.7,11.4,22.4,0,,,7.9,,1022.4,
45749,19.6,13.8,26.2,0,,,3,,1014.1,
45750,18.1,10.7,26.4,0,,,10.4,,1017.8,
45751,12.2,7.6,23.5,0,,,9.8,,1031,
45752,15.2,10.7,19.1,0,,,6.6,,1030.8,
45753,18.5,14.5,23.2,0,,,11.3,,1026.2,
45754,18.2,16.2,23.2,25.1,,,11.6,,1021.9,
45755,19.9,17.2,22.7,4.4,,,15.8,,1018.3,
45756,20.4,18.2,23.1,0.6,,,13.4,,1018.7,
45757,20.6,18.5,24,0.3,,,11,,1017.7,
45758,22.2,20,25.9,1,,,8.1,,1015.4,
45759,21.9,16.2,26,0,,,9.5,,1014.4,
45760,18,12.4,26,0,,,5,,1018.6,
45761,16.9,11,24.5,0,,,6.1,,1019.2,
45762,18.3,16.6,23,0,,,6.3,,1017.3,
45763,17.6,13.7,22,0.5,,,6,,1015.3,
45764,17.2,13.5,22.4,,,,7.4,,1014.4,
45765,17.2,13.5,22.5,24.9,,,7,,1016.8,
45766,15.3,10.5,22.5,0,,,7,,1021.8,
45767,14.3,9.5,21,,,,4.7,,1020.8,
45768,16.5,11.5,20.7,,,,4,,1018.2,
45769,20.2,16.4,25,0,,,6.6,,1015,
45770,21.8,18.9,27,0,,,5.4,,1012.7,
45771,19.7,16.8,27.3,0,,,6.1,,1013.1,
45772,22,17.6,26.8,18.1,,,8,,1007.9,
45773,18.8,14,27.1,27.9,,,7.7,,1012.1,
45774,16.1,11,23,0,,,7.3,,1016,
45775,16.2,10,23,0,,,4.2,,1017.4,
45776,15.8,9.6,23,0,,,5,,1017.2,
45777,18.7,13.5,24.6,0,,,6.2,,1016.7,
45778,18.6,15.6,24.6,0,,,8.1,,1016.3,
45779,19.1,13.7,25.7,0,,,3.2,,1016.7,
45780,18.4,13.3,25.7,0,,,4,,1017.2,
45781,22,18.3,27.7,12.6,,,8.5,,1015.4,
45782,18.1,15.9,27.7,49,,,10,,1017.5,
45783,21.1,18.2,24.9,14.7,,,6.9,,1013,
45784,20.8,19.2,24.9,10.9,,,8.7,,1009.9,
45785,19.3,16,22.7,1.5,,,8.1,,1008,
45786,18.2,13.8,23.6,0,,,5.2,,1012.9,
45787,17.8,14.5,23.8,0,,,5.6,,1020.2,
45788,15.9,11,22.9,0,,,8.1,,1025.7,
45789,16.5,14.1,20.3,0,,,10.7,,1023.1,
45790,17.9,14.4,22.3,0,,,7.3,,1017.4,
45791,20.7,17.9,26.2,0,,,6.5,,1017.1,
45792,21.5,19.6,26.9,0,,,7.9,,1015,
45793,20.7,18.2,23.6,46,,,8.1,,1013.9,
45794,18.7,18.1,21,98,,,13.1,,1007.7,
45795,16.3,9.5,20.1,37.1,,,10.1,,1015.3,
45796,11.8,7.6,19.1,0,,,3.8,,1020,
45797,11.5,6.5,17.2,0,,,3.5,,1022.3,
45798,12.8,9.9,17.2,0,,,6.5,,1023.5,
45799,11.9,6.9,16.6,0,,,6.2,,1025.2,
45800,13.4,9.1,16.6,0,,,9.8,,1023.4,
45801,15.8,14,18.6,2.9,,,8.2,,1021.1,
45802,15.4,13.2,18.7,0,,,4.9,,1017.9,
45803,18,15.6,19.2,18.3,,,7.4,,1011.8,
45804,15.6,10.7,19.2,23.1,,,12.8,,1009.9,
45805,10.3,7.1,14.3,15,,,10.9,,1022.7,
45806,8.8,4.2,13.7,0,,,3.9,,1025.2,
45807,10.6,7,15.2,0,,,7.5,,1021.8,
45808,12,7.4,18.7,0.4,,,5.4,,1021.3,
45809,10.4,3.8,19.3,0,,,4.1,,1023.2,
45810,13.1,9,18.4,0,,,8.9,,1020.3,
45811,13.1,8.4,18.6,0,,,4.3,,1016.3,
45812,14.3,11,18.7,0,,,6.2,,1013,
45813,12.7,7.5,19.1,0,,,6,,1019.6,
45814,12,6.4,20.5,0,,,4.4,,1020.7,
45815,12.1,7.3,21,0,,,2.2,,1020.3,
45816,11.7,8.7,20,0,,,6.3,,1022.8,
45817,10.3,7.6,14.9,0,,,3.6,,1025.3,
45818,10.4,6.1,17,0,,,3.6,,1024.7,
45819,11.8,8,17,0,,,7.2,,1026.8,
45820,14,11.4,17.2,0,,,17.5,,1020.5,
45821,13.4,12.1,17.5,11.9,,,9.2,,1017,
45822,11.8,9.8,14.2,20.1,,,8.7,,1015.2,
45823,9.7,4.1,14.7,0,,,5.6,,1015.2,
45824,11.2,5.5,15,0,,,11.1,,1014.5,
45825,12.1,7.7,14,0.5,,,6.4,,1017.3,
45826,9.8,5.5,17.3,0,,,4.2,,1023.6,
45827,10.7,5.5,18.2,0,,,2.8,,1025,
45828,11.6,5.7,18.4,0,,,5.1,,1020.3,
45829,12.1,7.2,18.6,0,,,6.1,,1012.3,
45830,12.3,9.4,16.9,0.9,,,11.1,,1006.5,
45831,6.9,3.2,15.4,0.5,,,18.2,,1010.6,
45832,9,2.2,14.9,0,,,10.3,,1012.6,
45833,10.8,7.6,15.5,0,,,10.8,,1012.9,
45834,8.7,2.4,15.8,0,,,4.3,,1019.1,
45835,9.1,3.1,16.9,0,,,3.9,,1022.1,
45836,8.9,3.6,17,0,,,7.8,,1021,
45837,7.2,5.1,15.6,0,,,11.6,,1028.7,
45838,4.2,3,10,0,,,10.2,,1030.8,
45839,4.1,-0.5,10.3,0,,,5.2,,1033.1,
45840,4.3,-1.9,10.7,0,,,4.6,,1034.8,
45841,9.5,4.2,14.2,0,,,10.2,,1030.1,
45842,11.4,8.4,16,0,,,8.3,,1025,
45843,11.7,8.6,16,0,,,7,,1025.6,
45844,12.4,9.6,16.4,0,,,8.2,,1023.1,
45845,14.5,11.5,20.5,0,,,5.6,,1023.2,
45846,12.3,7.6,20.5,0,,,3,,1024.4,
45847,13.7,9.3,18.4,0,,,6.4,,1025,
45848,13.4,11.6,18.7,0.3,,,6.9,,1025.4,
45849,13.6,9.1,19.4,0,,,3.2,,1026.3,
45850,13,8.6,19.4,0,,,4.4,,1026.4,
45851,14.1,11.5,18.5,0,,,4.5,,1025.1,
45852,12.7,10.6,19,1.6,,,6.9,,1022.5,
45853,16.6,13.7,20.1,9.6,,,7.9,,1015.6,
45854,14.8,10.2,20.1,18,,,12.5,,1015.2,
45855,9.2,7.6,15.5,9.9,,,10.3,,1020.8,
45856,10.8,5.2,17.5,0,,,7.6,,1020.7,
45857,12.7,8.1,19.9,0,,,10,,1019.8,
45858,14.3,8.5,19.9,0,,,7.5,,1018.5,
45859,15.5,10.7,21,0,,,4.2,,1015.8,
45860,12.3,10.6,21.1,0,,,9.5,,1021.6,
45861,9.1,5.5,14.2,0,,,9.6,,1029.1,
45862,11.7,9.5,13.8,6.9,,,9,,1023,
45863,12.9,10,13.9,6,,,6.3,,1015,
45864,10.5,7.3,13.8,2,,,13.4,,1021.5,
45865,10.4,8.7,12.8,0,,,12.6,,1021.9,
45866,11.5,8.6,16.5,0,,,8.3,,1027.3,
45867,11.4,7.3,14.7,0,,,9.3,,1025.9,
45868,14.3,10.7,18.4,0,,,16.4,,1018.8,
45869,15.7,12.6,18.8,0,,,12.6,,1013.7,
45870,16.8,12.9,18.8,18,,,9.8,,1007.1,
45871,15.6,12.5,20.1,1,,,7.6,,1012,
45872,13.8,9,20.2,0,,,6.8,,1021.2,
45873,12.6,8.7,18.6,0,,,7.6,,1029.6,
45874,9.7,6.8,17.2,0,,,7,,1031.4,
45875,12.6,9,17.7,0,,,6.1,,1023.9,
45876,10.6,7.1,18.1,0,,,9.7,,1024.6,
45877,9.8,6,15,0,,,8.2,,1027.5,
45878,9.7,4,17.3,0,,,3.5,,1024.8,
45879,11.7,5.3,19,0,,,5.6,,1024.4,
45880,14.2,8.9,20.8,0,,,7.1,,1021.4,
45881,15.8,11.2,22.7,0,,,8.6,,1014.7,
45882,12.8,10.1,22.7,0,,,12.7,,1024.1,
45883,9.7,5.5,14.6,0,,,9,,1031.9,
45884,8.6,5.6,13.2,0,,,9.8,,1029.5,
45885,11.1,8,12.7,0,,,10.2,,1022.9,
45886,13.1,12.1,14.7,0.2,,,7.7,,1021.5,
45887,14.6,13,17,1.6,,,8.4,,1019.8,
45888,15.2,13,17,66,,,15.8,,1006.1,
45889,15.2,12.8,17.9,43.3,,,14.1,,1001,
45890,15.4,9.2,20.1,0,,,7.3,,1010,
45891,15.8,11.9,20.9,0,,,11.2,,1005.8,
45892,12.4,8,20.9,0,,,9.4,,1021.1,
45893,12.6,6.5,19,0,,,9.7,,1022.3,
45894,15.2,10.7,20.9,0,,,7.4,,1020.7,
45895,15.1,8.8,21,0,,,4.2,,1025.8,
45896,16.1,10.4,21.4,0,,,5.9,,1026.6,
45897,16.2,12.1,20.9,0,,,6.9,,1023.9,
45898,17.6,14.7,21,0,,,10,,1018.7,
45899,18.1,15.9,20.7,0,,,11.4,,1018.4,
45900,17.9,16.1,19.5,20.1,,,12.1,,1013.6,
45901,14.6,11.2,19.5,36,,,7.5,,1013.7,
45902,12.7,9.9,16.4,3,,,5.1,,1016.2,
45903,14.4,11,19.1,0.6,,,5.1,,1014.8,
45904,9.3,6.4,12.3,0,,,8.8,,1026,
45905,9.2,3.8,14.8,0,,,5.3,,1029.8,
45906,9.7,4,14.9,0,,,3.8,,1028.7,
45907,12.1,7.9,15.2,0,,,8,,1024.2,
45908,14.5,11.1,17.4,0,,,4.5,,1016.9,
45909,16,9.9,23.3,0,,,5.4,,1017,
45910,18,13.6,23.5,0,,,8.8,,1015.9,
45911,17.3,10.7,24.2,0,,,5.2,,1023.6,
45912,16.4,10.5,22.4,0,,,5.9,,1023.5,
45913,16.3,13.3,19.1,0,,,11.3,,1018.2,
45914,18.4,13.4,24,0.4,,,5.5,,1017.9,
45915,17.4,14.8,20.8,3.9,,,6.9,,1018.5,
45916,16.6,13,20.1,0,,,5.9,,1018.6,
45917,19,15,23.5,0,,,6.6,,1017.6,
45918,19.5,17.2,23.1,8.2,,,6.7,,1015.5,
45919,19,17.6,21.4,6.5,,,6.2,,1011.6,
45920,17.6,16.2,19,34.3,,,10.8,,1008.4,
45921,14.6,12.3,17.4,8.1,,,10.8,,1004.4,
45922,15.3,10.6,21,0,,,9.4,,1009.9,
45923,15,8.3,19.9,0,,,5.1,,1019.9,
45924,12.9,8.8,16.2,0,,,10.1,,1032.7,
45925,13.9,10.7,17.1,0,,,12.8,,1031.4,
45926,16.9,12,21.3,0,,,16.9,,1020,
45927,16,13.6,18.6,25,,,12.6,,1010.8,
45928,16.8,10.7,23.4,0,,,7.5,,1014.2,
45929,18.4,12.3,23.6,0.3,,,5.9,,1016.2,
45930,19.4,14.7,24.8,0,,,6.2,,1020.9,
45931,18.3,12.9,23.5,0,,,5.3,,1026.1,
45932,19.3,15.4,23.4,0,,,7.2,,1022.2,
45933,21.2,17.3,25.4,0,,,8.2,,1014,
45934,23.5,20.2,27.8,1.5,,,10.1,,1007.9,
45935,19.7,15.1,22.1,24,,,13.4,,1008.2,
45936,14.8,12,18.5,,,,10.8,,1019.5,
45937,16.3,10.7,21.9,,,,7,,1022.7,
45938,18.8,13.5,24,,,,6.9,,1022.9,
45939,20.5,16.4,24.4,,,,8.7,,1018.7,
45940,20.5,17,24.1,,,,7.6,,1014.9,
45941,19.6,16,23,,,,9.1,,1012.7,
45942,15.9,14.6,18.5,0.3,,,12,,1004.1,
45943,18.6,12.9,25.2,,,,11.6,,1007.8,
45944,20,14.5,24.3,,,,5.8,,1014.6,
45945,22.3,19.1,26.3,,,,10.9,,1013.2,
45946,22.9,18.4,28.1,,,,4.8,,1013.6,
45947,19.7,16.4,22,2,,,7.3,,1017.5,
45948,17.1,13,22.4,2,,,8.3,,1025.8,
45949,16.9,12.4,20.5,,,,10.4,,1025.8,
45950,20,16.3,23.8,,,,14.1,,1021.6,
45951,23.1,18.8,27.7,,,,13.7,,1017.2,
45952,23,20.7,25.7,,,,9,,1017.2,
45953,25.1,20.8,30.4,,,,10.1,,1012.5,
45954,21.4,19.9,23.8,38,,,10,,1008.1,
45955,16.3,13.6,19.8,88,,,10.3,,1010.8,
45956,17.5,10.4,23.9,,,,6.1,,1016.2,
45957,12.5,10.6,16.2,,,,11.6,,1023.8,
45958,12,8,15.5,,,,11.1,,1030.1,
45959,13.3,9.6,16.6,,,,6.6,,1029.1,
45960,16.3,13,19.2,,,,7.3,,1023.6,
45961,18.9,14.5,23.2,,,,8.2,,1015.4,
45962,21.9,16.2,27.4,,,,5.2,,1012.7,
45963,20.7,18.5,23.3,1.1,,,6.3,,1013,
45964,22.2,17.5,28.1,,,,6.6,,1012.6,
45965,19.7,16.1,22.2,7,,,8.7,,1011.3,
45966,16.5,12.9,20.8,,,,10.1,,1021.3,
45967,15.5,12.5,17.9,,,,9.5,,1019.6,
45968,14.6,13,16.3,8.1,,,9.1,,1014.2,
45969,16.3,11.7,20.3,4.2,,,5.8,,1018.2,
45970,19.3,14.2,24.2,,,,5.5,,1018.2,
45971,20.9,15.6,26.4,,,,6.2,,1018.8,
45972,20.7,16.9,24.8,,,,9,,1016.2,
45973,21.4,18,25.6,0.9,,,9.4,,1012.7,
45974,20.7,16,25.1,,,,9.8,,1014.2,
